$MeshFormat
4.1 0 8
$EndMeshFormat
$Entities
4 4 1 0
1 0 0.9659258262890683 0 0 
2 0.2588190451025207 0 0 0 
3 0 -0.9659258262890683 0 0 
4 -0.2588190451025207 0 0 0 
1 0 0 0 0.2588190451025207 0.9659258262890683 0 0 2 1 -2 
2 0 -0.9659258262890683 0 0.2588190451025207 0 0 0 2 2 -3 
3 -0.2588190451025207 -0.9659258262890683 0 0 0 0 0 2 3 -4 
4 -0.2588190451025207 0 0 0 0.9659258262890683 0 0 2 4 -1 
1 -0.2588190451025207 -0.9659258262890683 0 0.2588190451025207 0.9659258262890683 0 1 1 4 1 2 3 4 
$EndEntities
$Nodes
9 1976 1 1976
0 1 0 1
1
0 0.9659258262890683 0
0 2 0 1
2
0.2588190451025207 0 0
0 3 0 1
3
0 -0.9659258262890683 0
0 4 0 1
4
-0.2588190451025207 0 0
1 1 0 49
5
6
7
8
9
10
11
12
13
14
15
16
17
18
19
20
21
22
23
24
25
26
27
28
29
30
31
32
33
34
35
36
37
38
39
40
41
42
43
44
45
46
47
48
49
50
51
52
53
0.01035276180407738 0.9272887932375931 0
0.02070552360815481 0.8886517601861177 0
0.03105828541222898 0.8500147271346544 0
0.04141104721629853 0.8113776940832085 0
0.05176380902036441 0.7727406610317762 0
0.06211657082444099 0.7341036279803039 0
0.07246933262851678 0.6954665949288346 0
0.08282209443258692 0.6568295618773865 0
0.09317485623666837 0.618192528825896 0
0.1035276180407333 0.5795554957744673 0
0.1138803798447982 0.5409184627230386 0
0.1242331416488631 0.5022814296716099 0
0.1345859034529618 0.4636443966200553 0
0.1449386652570956 0.4250073635683695 0
0.1552914270612323 0.3863703305166729 0
0.1656441888653584 0.3477332974650156 0
0.1759969506694847 0.309096264413358 0
0.1863497124736105 0.2704592313617019 0
0.1967024742777365 0.2318221983100455 0
0.2070552360818628 0.1931851652583878 0
0.2174079978859888 0.1545481322067308 0
0.2277607596901147 0.1159110991550747 0
0.2381135214942517 0.07727406610337717 0
0.2484662832983881 0.03863703305168154 0
0.005176380902045653 0.9466073097633048 0
0.01552914270611496 0.9079702767118596 0
0.02588190451019409 0.8693332436603779 0
0.03623466631426207 0.8306962106089377 0
0.04658742811832872 0.7920591775575025 0
0.05694018992240423 0.7534221445060343 0
0.0672929517264803 0.714785111454564 0
0.07764571353054997 0.6761480784031175 0
0.08799847533463301 0.6375110453516213 0
0.09835123713870235 0.598874012300176 0
0.1087039989427647 0.5602369792487568 0
0.1190567607468292 0.52159994619733 0
0.1294095225508975 0.4829629131458882 0
0.1397622843550261 0.4443258800942222 0
0.1501150461591624 0.4056888470425269 0
0.1604678079632949 0.367051813990846 0
0.1708205697674235 0.3284147809391794 0
0.1811733315715496 0.2897777478875228 0
0.1915260933756735 0.2511407148358736 0
0.2018788551797996 0.2125036817842166 0
0.2122316169839272 0.173866648732554 0
0.2225843787880518 0.1352296156809027 0
0.2329371405921837 0.0965925826292241 0
0.2432899023963197 0.05795554957752991 0
0.2536426642004539 0.01931851652584249 0
1 2 0 49
54
55
56
57
58
59
60
61
62
63
64
65
66
67
68
69
70
71
72
73
74
75
76
77
78
79
80
81
82
83
84
85
86
87
88
89
90
91
92
93
94
95
96
97
98
99
100
101
102
0.2484662832984402 -0.03863703305148701 0
0.2381135214943585 -0.07727406610297849 0
0.2277607596902738 -0.1159110991544807 0
0.2174079978862039 -0.1545481322059282 0
0.2070552360821337 -0.1931851652573766 0
0.1967024742780631 -0.2318221983088266 0
0.1863497124739887 -0.2704592313602904 0
0.175996950669916 -0.3090962644117483 0
0.165644188865845 -0.3477332974631999 0
0.1552914270617693 -0.3863703305146686 0
0.1449386652577058 -0.4250073635660923 0
0.1345859034536427 -0.463644396617514 0
0.1242331416495453 -0.502281429669064 0
0.1138803798454126 -0.5409184627207456 0
0.1035276180412771 -0.5795554957724379 0
0.09317485623715205 -0.6181925288240909 0
0.08282209443302696 -0.6568295618757442 0
0.07246933262890226 -0.6954665949273959 0
0.06211657082477745 -0.7341036279790483 0
0.05176380902065236 -0.7727406610307016 0
0.04141104721652744 -0.8113776940823542 0
0.03105828541240274 -0.8500147271340059 0
0.02070552360826691 -0.8886517601856994 0
0.01035276180413158 -0.9272887932373908 0
0.2536426642004811 -0.01931851652574125 0
0.2432899023964013 -0.05795554957722544 0
0.2329371405923164 -0.09659258262872879 0
0.2225843787882378 -0.1352296156802082 0
0.212231616984169 -0.1738666487316518 0
0.2018788551800977 -0.2125036817831042 0
0.1915260933760253 -0.2511407148345609 0
0.1811733315719521 -0.2897777478860203 0
0.1708205697678802 -0.3284147809374753 0
0.1604678079638084 -0.3670518139889294 0
0.1501150461597387 -0.4056888470403761 0
0.1397622843556754 -0.4443258800917988 0
0.1294095225516099 -0.4829629131432296 0
0.1190567607474789 -0.5215999461949049 0
0.1087039989433448 -0.5602369792465918 0
0.09835123713921304 -0.5988740122982701 0
0.08799847533508745 -0.6375110453499253 0
0.07764571353096461 -0.6761480784015701 0
0.06729295172683744 -0.7147851114532312 0
0.05694018992271491 -0.7534221445048749 0
0.04658742811859079 -0.7920591775565246 0
0.03623466631446357 -0.8306962106081858 0
0.02588190451033481 -0.8693332436598527 0
0.01552914270620112 -0.9079702767115381 0
0.00517638090206779 -0.9466073097632222 0
1 3 0 49
103
104
105
106
107
108
109
110
111
112
113
114
115
116
117
118
119
120
121
122
123
124
125
126
127
128
129
130
131
132
133
134
135
136
137
138
139
140
141
142
143
144
145
146
147
148
149
150
151
-0.01035276180407738 -0.9272887932375931 0
-0.02070552360815481 -0.8886517601861177 0
-0.03105828541222898 -0.8500147271346544 0
-0.04141104721629853 -0.8113776940832085 0
-0.05176380902036441 -0.7727406610317762 0
-0.06211657082444099 -0.7341036279803039 0
-0.07246933262851678 -0.6954665949288346 0
-0.08282209443258692 -0.6568295618773865 0
-0.09317485623666837 -0.618192528825896 0
-0.1035276180407333 -0.5795554957744673 0
-0.1138803798447982 -0.5409184627230386 0
-0.1242331416488631 -0.5022814296716099 0
-0.1345859034529618 -0.4636443966200553 0
-0.1449386652570956 -0.4250073635683695 0
-0.1552914270612323 -0.3863703305166729 0
-0.1656441888653584 -0.3477332974650156 0
-0.1759969506694847 -0.309096264413358 0
-0.1863497124736105 -0.2704592313617019 0
-0.1967024742777365 -0.2318221983100455 0
-0.2070552360818628 -0.1931851652583878 0
-0.2174079978859888 -0.1545481322067308 0
-0.2277607596901147 -0.1159110991550747 0
-0.2381135214942517 -0.07727406610337717 0
-0.2484662832983881 -0.03863703305168154 0
-0.005176380902045653 -0.9466073097633048 0
-0.01552914270611496 -0.9079702767118596 0
-0.02588190451019409 -0.8693332436603779 0
-0.03623466631426207 -0.8306962106089377 0
-0.04658742811832872 -0.7920591775575025 0
-0.05694018992240423 -0.7534221445060343 0
-0.0672929517264803 -0.714785111454564 0
-0.07764571353054997 -0.6761480784031175 0
-0.08799847533463301 -0.6375110453516213 0
-0.09835123713870235 -0.598874012300176 0
-0.1087039989427647 -0.5602369792487568 0
-0.1190567607468292 -0.52159994619733 0
-0.1294095225508975 -0.4829629131458882 0
-0.1397622843550261 -0.4443258800942222 0
-0.1501150461591624 -0.4056888470425269 0
-0.1604678079632949 -0.367051813990846 0
-0.1708205697674235 -0.3284147809391794 0
-0.1811733315715496 -0.2897777478875228 0
-0.1915260933756735 -0.2511407148358736 0
-0.2018788551797996 -0.2125036817842166 0
-0.2122316169839272 -0.173866648732554 0
-0.2225843787880518 -0.1352296156809027 0
-0.2329371405921837 -0.0965925826292241 0
-0.2432899023963197 -0.05795554957752991 0
-0.2536426642004539 -0.01931851652584249 0
1 4 0 49
152
153
154
155
156
157
158
159
160
161
162
163
164
165
166
167
168
169
170
171
172
173
174
175
176
177
178
179
180
181
182
183
184
185
186
187
188
189
190
191
192
193
194
195
196
197
198
199
200
-0.2484662832984402 0.03863703305148701 0
-0.2381135214943585 0.07727406610297849 0
-0.2277607596902738 0.1159110991544807 0
-0.2174079978862039 0.1545481322059282 0
-0.2070552360821337 0.1931851652573766 0
-0.1967024742780631 0.2318221983088266 0
-0.1863497124739887 0.2704592313602904 0
-0.175996950669916 0.3090962644117483 0
-0.165644188865845 0.3477332974631999 0
-0.1552914270617693 0.3863703305146686 0
-0.1449386652577058 0.4250073635660923 0
-0.1345859034536427 0.463644396617514 0
-0.1242331416495453 0.502281429669064 0
-0.1138803798454126 0.5409184627207456 0
-0.1035276180412771 0.5795554957724379 0
-0.09317485623715205 0.6181925288240909 0
-0.08282209443302696 0.6568295618757442 0
-0.07246933262890226 0.6954665949273959 0
-0.06211657082477745 0.7341036279790483 0
-0.05176380902065236 0.7727406610307016 0
-0.04141104721652744 0.8113776940823542 0
-0.03105828541240274 0.8500147271340059 0
-0.02070552360826691 0.8886517601856994 0
-0.01035276180413158 0.9272887932373908 0
-0.2536426642004811 0.01931851652574125 0
-0.2432899023964013 0.05795554957722544 0
-0.2329371405923164 0.09659258262872879 0
-0.2225843787882378 0.1352296156802082 0
-0.212231616984169 0.1738666487316518 0
-0.2018788551800977 0.2125036817831042 0
-0.1915260933760253 0.2511407148345609 0
-0.1811733315719521 0.2897777478860203 0
-0.1708205697678802 0.3284147809374753 0
-0.1604678079638084 0.3670518139889294 0
-0.1501150461597387 0.4056888470403761 0
-0.1397622843556754 0.4443258800917988 0
-0.1294095225516099 0.4829629131432296 0
-0.1190567607474789 0.5215999461949049 0
-0.1087039989433448 0.5602369792465918 0
-0.09835123713921304 0.5988740122982701 0
-0.08799847533508745 0.6375110453499253 0
-0.07764571353096461 0.6761480784015701 0
-0.06729295172683744 0.7147851114532312 0
-0.05694018992271491 0.7534221445048749 0
-0.04658742811859079 0.7920591775565246 0
-0.03623466631446357 0.8306962106081858 0
-0.02588190451033481 0.8693332436598527 0
-0.01552914270620112 0.9079702767115381 0
-0.00517638090206779 0.9466073097632222 0
2 1 0 1776
201
202
203
204
205
206
207
208
209
210
211
212
213
214
215
216
217
218
219
220
221
222
223
224
225
226
227
228
229
230
231
232
233
234
235
236
237
238
239
240
241
242
243
244
245
246
247
248
249
250
251
252
253
254
255
256
257
258
259
260
261
262
263
264
265
266
267
268
269
270
271
272
273
274
275
276
277
278
279
280
281
282
283
284
285
286
287
288
289
290
291
292
293
294
295
296
297
298
299
300
301
302
303
304
305
306
307
308
309
310
311
312
313
314
315
316
317
318
319
320
321
322
323
324
325
326
327
328
329
330
331
332
333
334
335
336
337
338
339
340
341
342
343
344
345
346
347
348
349
350
351
352
353
354
355
356
357
358
359
360
361
362
363
364
365
366
367
368
369
370
371
372
373
374
375
376
377
378
379
380
381
382
383
384
385
386
387
388
389
390
391
392
393
394
395
396
397
398
399
400
401
402
403
404
405
406
407
408
409
410
411
412
413
414
415
416
417
418
419
420
421
422
423
424
425
426
427
428
429
430
431
432
433
434
435
436
437
438
439
440
441
442
443
444
445
446
447
448
449
450
451
452
453
454
455
456
457
458
459
460
461
462
463
464
465
466
467
468
469
470
471
472
473
474
475
476
477
478
479
480
481
482
483
484
485
486
487
488
489
490
491
492
493
494
495
496
497
498
499
500
501
502
503
504
505
506
507
508
509
510
511
512
513
514
515
516
517
518
519
520
521
522
523
524
525
526
527
528
529
530
531
532
533
534
535
536
537
538
539
540
541
542
543
544
545
546
547
548
549
550
551
552
553
554
555
556
557
558
559
560
561
562
563
564
565
566
567
568
569
570
571
572
573
574
575
576
577
578
579
580
581
582
583
584
585
586
587
588
589
590
591
592
593
594
595
596
597
598
599
600
601
602
603
604
605
606
607
608
609
610
611
612
613
614
615
616
617
618
619
620
621
622
623
624
625
626
627
628
629
630
631
632
633
634
635
636
637
638
639
640
641
642
643
644
645
646
647
648
649
650
651
652
653
654
655
656
657
658
659
660
661
662
663
664
665
666
667
668
669
670
671
672
673
674
675
676
677
678
679
680
681
682
683
684
685
686
687
688
689
690
691
692
693
694
695
696
697
698
699
700
701
702
703
704
705
706
707
708
709
710
711
712
713
714
715
716
717
718
719
720
721
722
723
724
725
726
727
728
729
730
731
732
733
734
735
736
737
738
739
740
741
742
743
744
745
746
747
748
749
750
751
752
753
754
755
756
757
758
759
760
761
762
763
764
765
766
767
768
769
770
771
772
773
774
775
776
777
778
779
780
781
782
783
784
785
786
787
788
789
790
791
792
793
794
795
796
797
798
799
800
801
802
803
804
805
806
807
808
809
810
811
812
813
814
815
816
817
818
819
820
821
822
823
824
825
826
827
828
829
830
831
832
833
834
835
836
837
838
839
840
841
842
843
844
845
846
847
848
849
850
851
852
853
854
855
856
857
858
859
860
861
862
863
864
865
866
867
868
869
870
871
872
873
874
875
876
877
878
879
880
881
882
883
884
885
886
887
888
889
890
891
892
893
894
895
896
897
898
899
900
901
902
903
904
905
906
907
908
909
910
911
912
913
914
915
916
917
918
919
920
921
922
923
924
925
926
927
928
929
930
931
932
933
934
935
936
937
938
939
940
941
942
943
944
945
946
947
948
949
950
951
952
953
954
955
956
957
958
959
960
961
962
963
964
965
966
967
968
969
970
971
972
973
974
975
976
977
978
979
980
981
982
983
984
985
986
987
988
989
990
991
992
993
994
995
996
997
998
999
1000
1001
1002
1003
1004
1005
1006
1007
1008
1009
1010
1011
1012
1013
1014
1015
1016
1017
1018
1019
1020
1021
1022
1023
1024
1025
1026
1027
1028
1029
1030
1031
1032
1033
1034
1035
1036
1037
1038
1039
1040
1041
1042
1043
1044
1045
1046
1047
1048
1049
1050
1051
1052
1053
1054
1055
1056
1057
1058
1059
1060
1061
1062
1063
1064
1065
1066
1067
1068
1069
1070
1071
1072
1073
1074
1075
1076
1077
1078
1079
1080
1081
1082
1083
1084
1085
1086
1087
1088
1089
1090
1091
1092
1093
1094
1095
1096
1097
1098
1099
1100
1101
1102
1103
1104
1105
1106
1107
1108
1109
1110
1111
1112
1113
1114
1115
1116
1117
1118
1119
1120
1121
1122
1123
1124
1125
1126
1127
1128
1129
1130
1131
1132
1133
1134
1135
1136
1137
1138
1139
1140
1141
1142
1143
1144
1145
1146
1147
1148
1149
1150
1151
1152
1153
1154
1155
1156
1157
1158
1159
1160
1161
1162
1163
1164
1165
1166
1167
1168
1169
1170
1171
1172
1173
1174
1175
1176
1177
1178
1179
1180
1181
1182
1183
1184
1185
1186
1187
1188
1189
1190
1191
1192
1193
1194
1195
1196
1197
1198
1199
1200
1201
1202
1203
1204
1205
1206
1207
1208
1209
1210
1211
1212
1213
1214
1215
1216
1217
1218
1219
1220
1221
1222
1223
1224
1225
1226
1227
1228
1229
1230
1231
1232
1233
1234
1235
1236
1237
1238
1239
1240
1241
1242
1243
1244
1245
1246
1247
1248
1249
1250
1251
1252
1253
1254
1255
1256
1257
1258
1259
1260
1261
1262
1263
1264
1265
1266
1267
1268
1269
1270
1271
1272
1273
1274
1275
1276
1277
1278
1279
1280
1281
1282
1283
1284
1285
1286
1287
1288
1289
1290
1291
1292
1293
1294
1295
1296
1297
1298
1299
1300
1301
1302
1303
1304
1305
1306
1307
1308
1309
1310
1311
1312
1313
1314
1315
1316
1317
1318
1319
1320
1321
1322
1323
1324
1325
1326
1327
1328
1329
1330
1331
1332
1333
1334
1335
1336
1337
1338
1339
1340
1341
1342
1343
1344
1345
1346
1347
1348
1349
1350
1351
1352
1353
1354
1355
1356
1357
1358
1359
1360
1361
1362
1363
1364
1365
1366
1367
1368
1369
1370
1371
1372
1373
1374
1375
1376
1377
1378
1379
1380
1381
1382
1383
1384
1385
1386
1387
1388
1389
1390
1391
1392
1393
1394
1395
1396
1397
1398
1399
1400
1401
1402
1403
1404
1405
1406
1407
1408
1409
1410
1411
1412
1413
1414
1415
1416
1417
1418
1419
1420
1421
1422
1423
1424
1425
1426
1427
1428
1429
1430
1431
1432
1433
1434
1435
1436
1437
1438
1439
1440
1441
1442
1443
1444
1445
1446
1447
1448
1449
1450
1451
1452
1453
1454
1455
1456
1457
1458
1459
1460
1461
1462
1463
1464
1465
1466
1467
1468
1469
1470
1471
1472
1473
1474
1475
1476
1477
1478
1479
1480
1481
1482
1483
1484
1485
1486
1487
1488
1489
1490
1491
1492
1493
1494
1495
1496
1497
1498
1499
1500
1501
1502
1503
1504
1505
1506
1507
1508
1509
1510
1511
1512
1513
1514
1515
1516
1517
1518
1519
1520
1521
1522
1523
1524
1525
1526
1527
1528
1529
1530
1531
1532
1533
1534
1535
1536
1537
1538
1539
1540
1541
1542
1543
1544
1545
1546
1547
1548
1549
1550
1551
1552
1553
1554
1555
1556
1557
1558
1559
1560
1561
1562
1563
1564
1565
1566
1567
1568
1569
1570
1571
1572
1573
1574
1575
1576
1577
1578
1579
1580
1581
1582
1583
1584
1585
1586
1587
1588
1589
1590
1591
1592
1593
1594
1595
1596
1597
1598
1599
1600
1601
1602
1603
1604
1605
1606
1607
1608
1609
1610
1611
1612
1613
1614
1615
1616
1617
1618
1619
1620
1621
1622
1623
1624
1625
1626
1627
1628
1629
1630
1631
1632
1633
1634
1635
1636
1637
1638
1639
1640
1641
1642
1643
1644
1645
1646
1647
1648
1649
1650
1651
1652
1653
1654
1655
1656
1657
1658
1659
1660
1661
1662
1663
1664
1665
1666
1667
1668
1669
1670
1671
1672
1673
1674
1675
1676
1677
1678
1679
1680
1681
1682
1683
1684
1685
1686
1687
1688
1689
1690
1691
1692
1693
1694
1695
1696
1697
1698
1699
1700
1701
1702
1703
1704
1705
1706
1707
1708
1709
1710
1711
1712
1713
1714
1715
1716
1717
1718
1719
1720
1721
1722
1723
1724
1725
1726
1727
1728
1729
1730
1731
1732
1733
1734
1735
1736
1737
1738
1739
1740
1741
1742
1743
1744
1745
1746
1747
1748
1749
1750
1751
1752
1753
1754
1755
1756
1757
1758
1759
1760
1761
1762
1763
1764
1765
1766
1767
1768
1769
1770
1771
1772
1773
1774
1775
1776
1777
1778
1779
1780
1781
1782
1783
1784
1785
1786
1787
1788
1789
1790
1791
1792
1793
1794
1795
1796
1797
1798
1799
1800
1801
1802
1803
1804
1805
1806
1807
1808
1809
1810
1811
1812
1813
1814
1815
1816
1817
1818
1819
1820
1821
1822
1823
1824
1825
1826
1827
1828
1829
1830
1831
1832
1833
1834
1835
1836
1837
1838
1839
1840
1841
1842
1843
1844
1845
1846
1847
1848
1849
1850
1851
1852
1853
1854
1855
1856
1857
1858
1859
1860
1861
1862
1863
1864
1865
1866
1867
1868
1869
1870
1871
1872
1873
1874
1875
1876
1877
1878
1879
1880
1881
1882
1883
1884
1885
1886
1887
1888
1889
1890
1891
1892
1893
1894
1895
1896
1897
1898
1899
1900
1901
1902
1903
1904
1905
1906
1907
1908
1909
1910
1911
1912
1913
1914
1915
1916
1917
1918
1919
1920
1921
1922
1923
1924
1925
1926
1927
1928
1929
1930
1931
1932
1933
1934
1935
1936
1937
1938
1939
1940
1941
1942
1943
1944
1945
1946
1947
1948
1949
1950
1951
1952
1953
1954
1955
1956
1957
1958
1959
1960
1961
1962
1963
1964
1965
1966
1967
1968
1969
1970
1971
1972
1973
1974
1975
1976
-4.994789304380021e-14 0.8886517601859147 -0
-0.01035276180418092 0.8500147271342232 -0
-0.02070552360831249 0.8113776940825291 -0
-0.03105828541243279 0.7727406610308774 -0
-0.04141104721655332 0.7341036279792246 -0
-0.05176380902067401 0.6954665949275713 -0
-0.06211657082479458 0.6568295618759182 -0
-0.07246933262891503 0.6181925288242659 -0
-0.0828220944330357 0.5795554957726126 -0
-0.09317485623715653 0.5409184627209584 -0
-0.103527618041287 0.5022814296692688 -0
-0.1138803798454147 0.4636443966175893 -0
-0.1242331416495099 0.4250073635660311 -0
-0.1345859034535735 0.3863703305145907 -0
-0.1449386652576378 0.347733297463148 -0
-0.1552914270617131 0.3090962644116638 -0
-0.1656441888657842 0.2704592313601958 -0
-0.1759969506698568 0.2318221983087219 -0
-0.1863497124739309 0.1931851652572422 -0
-0.1967024742780015 0.1545481322057758 -0
-0.2070552360820716 0.1159110991543111 -0
-0.2174079978861416 0.07727406610284718 -0
-0.227760759690226 0.03863703305132907 -0
-0.2381135214943077 -1.786557013438994e-13 0
0.01035276180403188 0.8500147271344383 0
-9.459100169806334e-14 0.811377694082746 -0
-0.01035276180422175 0.7727406610310505 -0
-0.02070552360833749 0.7341036279793981 -0
-0.03105828541245347 0.695466594927745 -0
-0.04141104721656963 0.6568295618760907 -0
-0.05176380902068582 0.6181925288244363 -0
-0.0621165708248018 0.5795554957727829 -0
-0.072469332628918 0.5409184627211288 -0
-0.08282209443303448 0.5022814296694736 -0
-0.09317485623715972 0.4636443966177858 -0
-0.1035276180412823 0.4250073635661078 -0
-0.1138803798453751 0.3863703305145408 -0
-0.1242331416494391 0.3477332974630811 -0
-0.1345859034535039 0.3090962644116189 -0
-0.1449386652575789 0.2704592313601186 -0
-0.1552914270616498 0.2318221983086337 -0
-0.165644188865722 0.1931851652571432 -0
-0.1759969506697958 0.1545481322056473 -0
-0.1863497124738662 0.115911099154164 -0
-0.1967024742779363 0.07727406610268217 -0
-0.207055236082006 0.03863703305120127 -0
-0.2174079978860901 -3.333167075680876e-13 0
-0.2277607596901716 -0.03863703305185786 0
0.0207055236081106 0.8113776940829732 0
0.01035276180398879 0.7727406610312794 0
-1.338165689368509e-13 0.7341036279795826 -0
-0.01035276180424486 0.6954665949279287 -0
-0.02070552360835614 0.6568295618762745 -0
-0.0310582854124676 0.6181925288246189 -0
-0.04141104721657926 0.5795554957729627 -0
-0.05176380902069065 0.5409184627213079 -0
-0.06211657082480215 0.5022814296696526 -0
-0.07246933262891417 0.4636443966179952 -0
-0.082822094433034 0.4250073635663086 -0
-0.09317485623715127 0.3863703305146317 -0
-0.1035276180412416 0.3477332974630554 -0
-0.1138803798453059 0.3090962644115761 -0
-0.1242331416493711 0.2704592313600935 -0
-0.1345859034534455 0.2318221983085764 -0
-0.144938665257516 0.1931851652570742 -0
-0.1552914270615879 0.1545481322055666 -0
-0.1656441888656612 0.1159110991540537 -0
-0.1759969506697313 0.07727406610255293 -0
-0.1863497124738009 0.03863703305105352 -0
-0.1967024742778704 -4.449079993307237e-13 0
-0.2070552360819541 -0.03863703305199648 0
-0.2174079978860351 -0.07727406610353837 0
0.03105828541218444 0.7727406610315264 0
0.02070552360806703 0.7341036279798322 0
0.01035276180394873 0.6954665949281345 0
-1.578737141016973e-13 0.6568295618764807 -0
-0.01035276180426471 0.6181925288248258 -0
-0.02070552360837174 0.5795554957731702 -0
-0.03105828541247914 0.5409184627215133 -0
-0.04141104721658617 0.5022814296698576 -0
-0.05176380902069327 0.4636443966182019 -0
-0.06211657082480106 0.4250073635665436 -0
-0.07246933262891575 0.3863703305148595 -0
-0.08282209443302799 0.3477332974631844 -0
-0.09317485623711604 0.3090962644115997 -0
-0.1035276180411809 0.2704592313601015 -0
-0.1138803798452467 0.2318221983086001 -0
-0.1242331416493209 0.193185165257067 -0
-0.1345859034533912 0.1545481322055483 -0
-0.1449386652574629 0.1159110991540246 -0
-0.155291427061536 0.07727406610249578 -0
-0.165644188865606 0.0386370330509784 -0
-0.1759969506696757 -5.375144773722695e-13 0
-0.186349712473745 -0.03863703305205249 0
-0.1967024742778284 -0.07727406610362014 0
-0.2070552360819094 -0.1159110991551785 0
0.04141104721625478 0.734103627980093 0
0.03105828541214192 0.6954665949283977 0
0.02070552360802807 0.6568295618766986 0
0.01035276180392606 0.6181925288250438 0
-1.761854551141084e-13 0.5795554957733884 -0
-0.01035276180427862 0.5409184627217319 -0
-0.02070552360838161 0.5022814296700735 -0
-0.03105828541248417 0.4636443966184166 -0
-0.04141104721658669 0.4250073635667598 -0
-0.05176380902069008 0.3863703305150999 -0
-0.06211657082479951 0.3477332974634175 -0
-0.07246933262890655 0.309096264411744 -0
-0.08282209443299221 0.2704592313601502 -0
-0.09317485623705743 0.2318221983086327 -0
-0.1035276180411236 0.1931851652571114 -0
-0.1138803798451974 0.154548132205562 -0
-0.1242331416492675 0.1159110991540263 -0
-0.134585903453339 0.07727406610248588 -0
-0.1449386652574116 0.03863703305094043 -0
-0.1552914270614814 -5.9402482932569e-13 0
-0.1656441888655508 -0.0386370330521271 0
-0.1759969506696199 -0.07727406610365932 0
-0.1863497124737031 -0.1159110991552436 0
-0.1967024742777837 -0.1545481322068189 0
0.05176380902033539 0.6954665949286207 0
0.04141104721622666 0.656829561876926 0
0.03105828541211685 0.6181925288252273 0
0.02070552360801901 0.5795554957735733 0
0.01035276180392096 0.5409184627219186 0
-1.77337311502157e-13 0.5022814296702629 -0
-0.01035276180427631 0.4636443966186046 -0
-0.0207055236083748 0.4250073635669481 -0
-0.03105828541247318 0.3863703305152918 -0
-0.04141104721657257 0.3477332974636319 -0
-0.05176380902067716 0.3090962644119529 -0
-0.06211657082477941 0.2704592313602823 -0
-0.07246933262886307 0.2318221983086811 -0
-0.08282209443292911 0.1931851652571459 -0
-0.09317485623699623 0.1545481322056064 -0
-0.10352761804107 0.1159110991540422 -0
-0.1138803798451402 0.07727406610249099 -0
-0.1242331416492117 0.03863703305093535 -0
-0.1345859034532845 -6.249722961371162e-13 0
-0.1449386652573544 -0.03863703305217503 0
-0.1552914270614241 -0.07727406610372367 0
-0.1656441888654933 -0.1159110991552715 0
-0.1759969506695766 -0.1545481322068707 0
-0.1863497124736574 -0.1931851652584615 0
0.06211657082441522 0.6568295618771518 0
0.05176380902031063 0.6181925288254573 0
0.04141104721620488 0.5795554957737588 0
0.03105828541211127 0.5409184627221056 0
0.02070552360801739 0.5022814296704514 0
0.0103527618039233 0.4636443966187962 0
-1.716474185009531e-13 0.4250073635671383 -0
-0.01035276180426606 0.3863703305154819 -0
-0.02070552360836028 0.3477332974638263 -0
-0.03105828541245573 0.3090962644121663 -0
-0.04141104721655538 0.2704592313604904 -0
-0.05176380902065286 0.2318221983088228 -0
-0.06211657082473451 0.1931851652572141 -0
-0.07246933262880134 0.1545481322056609 -0
-0.08282209443286934 0.1159110991541032 -0
-0.09317485623694306 0.07727406610252424 -0
-0.1035276180410135 0.03863703305095742 -0
-0.113880379845085 -6.134537322566302e-13 0
-0.1242331416491577 -0.0386370330521888 0
-0.1345859034532279 -0.07727406610375445 0
-0.1449386652572977 -0.1159110991553188 0
-0.1552914270613672 -0.1545481322068822 0
-0.1656441888654505 -0.1931851652584967 0
-0.1759969506695315 -0.2318221983101029 0
0.07246933262848966 0.6181925288257026 0
0.06211657082438944 0.5795554957740087 0
0.05176380902028796 0.5409184627223091 0
0.04141104721619873 0.5022814296706557 0
0.03105828541210929 0.4636443966190014 0
0.0207055236080196 0.4250073635673461 0
0.0103527618039289 0.386370330515687 0
-1.612043831755727e-13 0.3477332974640302 -0
-0.01035276180425103 0.3090962644123744 -0
-0.02070552360834226 0.2704592313607134 -0
-0.03105828541243682 0.2318221983090401 -0
-0.0414110472165293 0.1931851652573744 -0
-0.05176380902060872 0.1545481322057575 -0
-0.06211657082467611 0.1159110991541856 -0
-0.07246933262874475 0.07727406610260887 -0
-0.08282209443281818 0.03863703305101407 -0
-0.09317485623688861 -5.690170556960084e-13 0
-0.10352761804096 -0.03863703305215602 0
-0.1138803798450325 -0.07727406610374726 0
-0.1242331416491026 -0.1159110991553293 0
-0.1345859034531723 -0.1545481322069102 0
-0.1449386652572418 -0.1931851652584901 0
-0.1552914270613248 -0.2318221983101205 0
-0.1656441888654057 -0.270459231361743 0
0.08282209443257492 0.5795554957742134 0
0.07246933262847864 0.5409184627225202 0
0.062116570824381 0.5022814296708218 0
0.05176380902029579 0.4636443966191699 0
0.04141104721621031 0.4250073635675172 0
0.03105828541212457 0.3863703305158632 0
0.0207055236080377 0.347733297464205 0
0.01035276180395147 0.3090962644125492 0
-1.344133138125869e-13 0.2704592313608951 -0
-0.01035276180422189 0.2318221983092346 -0
-0.02070552360831177 0.1931851652575653 -0
-0.03105828541239964 0.1545481322059034 -0
-0.04141104721647728 0.1159110991542797 -0
-0.05176380902054565 0.07727406610269075 -0
-0.06211657082461539 0.03863703305109659 -0
-0.07246933262868901 -5.121736368352003e-13 0
-0.08282209443275977 -0.03863703305211011 0
-0.09317485623683147 -0.07727406610371154 0
-0.1035276180409042 -0.115911099155317 0
-0.1138803798449747 -0.1545481322069139 0
-0.1242331416490448 -0.1931851652585095 0
-0.1345859034531147 -0.2318221983101043 0
-0.144938665257198 -0.270459231361749 0
-0.1552914270612793 -0.3090962644133863 0
0.09317485623664429 0.5409184627227832 0
0.08282209443255266 0.5022814296710886 0
0.07246933262845949 0.463644396619389 0
0.06211657082437892 0.4250073635677361 0
0.05176380902029807 0.3863703305160823 0
0.04141104721621701 0.3477332974644275 0
0.03105828541213457 0.3090962644127676 0
0.02070552360805287 0.2704592313611105 0
0.01035276180397163 0.2318221983094549 0
-1.114386360967501e-13 0.1931851652577928 -0
-0.010352761804196 0.1545481322061251 -0
-0.02070552360827863 0.1159110991544646 -0
-0.03105828541235384 0.07727406610283166 -0
-0.04141104721642253 0.03863703305122321 -0
-0.05176380902049269 -3.908540158192864e-13 0
-0.06211657082456587 -0.03863703305201618 0
-0.07246933262863635 -0.07727406610363124 0
-0.08282209443270762 -0.1159110991552496 0
-0.09317485623677997 -0.1545481322068717 0
-0.1035276180408501 -0.1931851652584859 0
-0.11388037984492 -0.2318221983100988 0
-0.1242331416489897 -0.270459231361711 0
-0.1345859034530726 -0.3090962644133725 0
-0.1449386652571536 -0.3477332974650268 0
0.1035276180407142 0.5022814296713515 0
0.09317485623662751 0.4636443966196543 0
0.08282209443253929 0.4250073635679513 0
0.07246933262846376 0.3863703305162958 0
0.06211657082438796 0.3477332974646395 0
0.05176380902031198 0.3090962644129822 0
0.0414110472162344 0.2704592313613191 0
0.0310582854121577 0.231822198309659 0
0.02070552360808145 0.1931851652580008 0
0.01035276180400325 0.1545481322063354 0
-7.557843240135753e-14 0.1159110991546677 -0
-0.01035276180415255 0.07727406610300686 -0
-0.02070552360822486 0.03863703305136337 -0
-0.0310582854122935 -2.663147480319594e-13 0
-0.04141104721636367 -0.03863703305190186 0
-0.05176380902043594 -0.07727406610354526 0
-0.06211657082450567 -0.1159110991551792 0
-0.07246933262857622 -0.1545481322068159 0
-0.08282209443264765 -0.1931851652584563 0
-0.09317485623671717 -0.2318221983100894 0
-0.1035276180407864 -0.2704592313617211 0
-0.1138803798448553 -0.3090962644133521 0
-0.1242331416489374 -0.347733297465032 0
-0.1345859034530176 -0.3863703305167051 0
0.1138803798447839 0.46364439661992 0
0.1035276180407021 0.4250073635682206 0
0.0931748562366187 0.3863703305165151 0
0.08282209443254814 0.3477332974648574 0
0.0724693326284773 0.3090962644131991 0
0.06211657082440617 0.2704592313615395 0
0.05176380902033342 0.2318221983098738 0
0.04141104721626151 0.1931851652582111 0
0.03105828541219019 0.1545481322065508 0
0.02070552360811673 0.1159110991548824 0
0.01035276180404354 0.07727406610321524 0
-2.789435349370706e-14 0.03863703305155444 -0
-0.01035276180409744 -9.939271627956714e-14 0
-0.02070552360816612 -0.03863703305174968 0
-0.0310582854122364 -0.07727406610340634 0
-0.04141104721630791 -0.1159110991550673 0
-0.05176380902037704 -0.1545481322067196 0
-0.0621165708244469 -0.1931851652583744 0
-0.07246933262851761 -0.2318221983100326 0
-0.08282209443258656 -0.2704592313616841 0
-0.09317485623665521 -0.3090962644133344 0
-0.1035276180407236 -0.3477332974649838 0
-0.113880379844805 -0.3863703305166816 0
-0.1242331416488846 -0.425007363568373 0
0.1242331416488846 0.425007363568373 0
0.1138803798448049 0.3863703305166816 0
0.1035276180407236 0.3477332974649838 0
0.0931748562366552 0.3090962644133344 0
0.08282209443258656 0.2704592313616841 0
0.07246933262851764 0.2318221983100326 0
0.06211657082444691 0.1931851652583744 0
0.05176380902037703 0.1545481322067196 0
0.04141104721630792 0.1159110991550673 0
0.0310582854122364 0.07727406610340637 0
0.02070552360816612 0.03863703305174968 0
0.01035276180409744 9.939271627956714e-14 0
2.790823128151487e-14 -0.03863703305155441 0
-0.01035276180404354 -0.07727406610321524 0
-0.02070552360811673 -0.1159110991548825 0
-0.03105828541219019 -0.1545481322065508 0
-0.04141104721626151 -0.1931851652582111 0
-0.05176380902033342 -0.2318221983098738 0
-0.06211657082440619 -0.2704592313615395 0
-0.0724693326284773 -0.309096264413199 0
-0.08282209443254811 -0.3477332974648575 0
-0.09317485623661867 -0.3863703305165151 0
-0.1035276180407021 -0.4250073635682207 0
-0.1138803798447839 -0.4636443966199199 0
0.1345859034530176 0.3863703305167052 0
0.1242331416489374 0.3477332974650321 0
0.1138803798448553 0.3090962644133521 0
0.1035276180407864 0.2704592313617211 0
0.09317485623671717 0.2318221983100894 0
0.08282209443264768 0.1931851652584562 0
0.07246933262857622 0.1545481322068159 0
0.06211657082450567 0.1159110991551791 0
0.05176380902043595 0.07727406610354526 0
0.04141104721636366 0.0386370330519018 0
0.0310582854122935 2.663147480319594e-13 0
0.02070552360822486 -0.03863703305136332 0
0.01035276180415257 -0.07727406610300686 0
7.557843240135753e-14 -0.1159110991546677 0
-0.01035276180400324 -0.1545481322063355 0
-0.02070552360808144 -0.1931851652580009 0
-0.0310582854121577 -0.231822198309659 0
-0.04141104721623441 -0.2704592313613191 0
-0.05176380902031195 -0.3090962644129821 0
-0.06211657082438798 -0.3477332974646395 0
-0.07246933262846378 -0.3863703305162958 0
-0.08282209443253928 -0.4250073635679513 0
-0.0931748562366275 -0.4636443966196543 0
-0.1035276180407142 -0.5022814296713515 0
0.1449386652571536 0.3477332974650269 0
0.1345859034530725 0.3090962644133725 0
0.1242331416489897 0.2704592313617109 0
0.11388037984492 0.2318221983100988 0
0.1035276180408501 0.1931851652584859 0
0.09317485623677997 0.1545481322068717 0
0.08282209443270765 0.1159110991552495 0
0.07246933262863635 0.07727406610363124 0
0.06211657082456586 0.03863703305201618 0
0.05176380902049271 3.90881771394902e-13 0
0.04141104721642253 -0.03863703305122321 0
0.03105828541235384 -0.07727406610283172 0
0.02070552360827863 -0.1159110991544646 0
0.010352761804196 -0.1545481322061251 0
1.114386360967501e-13 -0.1931851652577929 0
-0.01035276180397163 -0.231822198309455 0
-0.02070552360805287 -0.2704592313611105 0
-0.03105828541213457 -0.3090962644127676 0
-0.04141104721621699 -0.3477332974644274 0
-0.05176380902029808 -0.3863703305160823 0
-0.06211657082437891 -0.4250073635677361 0
-0.07246933262845949 -0.4636443966193889 0
-0.08282209443255265 -0.5022814296710886 0
-0.09317485623664432 -0.540918462722783 0
0.1552914270612793 0.3090962644133863 0
0.144938665257198 0.2704592313617491 0
0.1345859034531147 0.2318221983101043 0
0.1242331416490448 0.1931851652585095 0
0.1138803798449747 0.1545481322069139 0
0.1035276180409042 0.115911099155317 0
0.09317485623683147 0.07727406610371157 0
0.0828220944327598 0.03863703305211011 0
0.07246933262868906 5.121458812595847e-13 0
0.06211657082461539 -0.03863703305109661 0
0.05176380902054565 -0.07727406610269072 0
0.04141104721647729 -0.1159110991542797 0
0.03105828541239965 -0.1545481322059034 0
0.02070552360831178 -0.1931851652575653 0
0.01035276180422188 -0.2318221983092346 0
1.344133138125869e-13 -0.2704592313608949 0
-0.01035276180395147 -0.3090962644125493 0
-0.0207055236080377 -0.347733297464205 0
-0.03105828541212458 -0.3863703305158633 0
-0.04141104721621031 -0.4250073635675171 0
-0.05176380902029579 -0.4636443966191699 0
-0.062116570824381 -0.5022814296708218 0
-0.07246933262847863 -0.5409184627225202 0
-0.08282209443257492 -0.5795554957742134 0
0.1656441888654058 0.270459231361743 0
0.1552914270613249 0.2318221983101205 0
0.1449386652572419 0.1931851652584901 0
0.1345859034531723 0.1545481322069102 0
0.1242331416491026 0.1159110991553293 0
0.1138803798450325 0.07727406610374726 0
0.10352761804096 0.03863703305215599 0
0.09317485623688858 5.690170556960084e-13 0
0.08282209443281818 -0.03863703305101412 0
0.07246933262874475 -0.07727406610260884 0
0.06211657082467609 -0.1159110991541856 0
0.05176380902060871 -0.1545481322057575 0
0.04141104721652929 -0.1931851652573745 0
0.03105828541243682 -0.23182219830904 0
0.02070552360834227 -0.2704592313607134 0
0.01035276180425103 -0.3090962644123745 0
1.612043831755727e-13 -0.3477332974640302 0
-0.0103527618039289 -0.386370330515687 0
-0.0207055236080196 -0.4250073635673461 0
-0.03105828541210929 -0.4636443966190014 0
-0.04141104721619873 -0.5022814296706557 0
-0.05176380902028795 -0.5409184627223089 0
-0.06211657082438943 -0.5795554957740084 0
-0.07246933262848966 -0.6181925288257029 0
0.1759969506695315 0.2318221983101028 0
0.1656441888654504 0.1931851652584966 0
0.1552914270613672 0.1545481322068821 0
0.1449386652572977 0.1159110991553187 0
0.1345859034532279 0.07727406610375445 0
0.1242331416491577 0.03863703305218882 0
0.113880379845085 6.134537322566302e-13 0
0.1035276180410135 -0.03863703305095745 0
0.09317485623694305 -0.07727406610252427 0
0.08282209443286934 -0.1159110991541033 0
0.07246933262880131 -0.1545481322056609 0
0.0621165708247345 -0.193185165257214 0
0.05176380902065287 -0.2318221983088228 0
0.04141104721655537 -0.2704592313604903 0
0.03105828541245573 -0.3090962644121663 0
0.02070552360836027 -0.3477332974638265 0
0.01035276180426604 -0.3863703305154819 0
1.71654357394857e-13 -0.4250073635671381 0
-0.01035276180392329 -0.4636443966187962 0
-0.02070552360801739 -0.5022814296704516 0
-0.03105828541211126 -0.5409184627221056 0
-0.04141104721620488 -0.579555495773759 0
-0.05176380902031064 -0.6181925288254575 0
-0.06211657082441523 -0.6568295618771518 0
0.1863497124736574 0.1931851652584615 0
0.1759969506695765 0.1545481322068708 0
0.1656441888654934 0.1159110991552715 0
0.155291427061424 0.07727406610372366 0
0.1449386652573544 0.03863703305217503 0
0.1345859034532845 6.250000517127319e-13 0
0.1242331416492117 -0.03863703305093535 0
0.1138803798451403 -0.07727406610249099 0
0.10352761804107 -0.1159110991540422 0
0.09317485623699623 -0.1545481322056063 0
0.08282209443292915 -0.1931851652571458 0
0.0724693326288631 -0.2318221983086811 0
0.06211657082477941 -0.2704592313602824 0
0.05176380902067716 -0.309096264411953 0
0.04141104721657259 -0.347733297463632 0
0.03105828541247318 -0.386370330515292 0
0.02070552360837478 -0.4250073635669479 0
0.0103527618042763 -0.4636443966186046 0
1.773303726082531e-13 -0.5022814296702628 0
-0.01035276180392096 -0.5409184627219186 0
-0.02070552360801901 -0.5795554957735738 0
-0.03105828541211684 -0.6181925288252275 0
-0.04141104721622665 -0.6568295618769263 0
-0.05176380902033538 -0.6954665949286208 0
0.1967024742777838 0.1545481322068189 0
0.186349712473703 0.1159110991552436 0
0.1759969506696199 0.07727406610365929 0
0.1656441888655508 0.03863703305212708 0
0.1552914270614814 5.9402482932569e-13 0
0.1449386652574117 -0.03863703305094038 0
0.134585903453339 -0.07727406610248586 0
0.1242331416492676 -0.1159110991540263 0
0.1138803798451974 -0.154548132205562 0
0.1035276180411237 -0.1931851652571114 0
0.09317485623705744 -0.2318221983086327 0
0.08282209443299221 -0.2704592313601502 0
0.07246933262890651 -0.3090962644117441 0
0.06211657082479952 -0.3477332974634175 0
0.0517638090206901 -0.3863703305150999 0
0.04141104721658669 -0.4250073635667598 0
0.03105828541248416 -0.4636443966184167 0
0.02070552360838161 -0.5022814296700735 0
0.01035276180427862 -0.5409184627217317 0
1.761854551141084e-13 -0.5795554957733883 0
-0.01035276180392606 -0.6181925288250438 0
-0.02070552360802807 -0.6568295618766986 0
-0.03105828541214192 -0.6954665949283977 0
-0.04141104721625478 -0.7341036279800928 0
0.2070552360819094 0.1159110991551784 0
0.1967024742778285 0.07727406610362014 0
0.186349712473745 0.03863703305205252 0
0.1759969506696757 5.374589662210383e-13 0
0.165644188865606 -0.03863703305097843 0
0.155291427061536 -0.07727406610249574 0
0.1449386652574629 -0.1159110991540246 0
0.1345859034533912 -0.1545481322055484 0
0.1242331416493209 -0.193185165257067 0
0.1138803798452467 -0.2318221983086001 0
0.1035276180411809 -0.2704592313601016 0
0.09317485623711606 -0.3090962644115997 0
0.08282209443302797 -0.3477332974631844 0
0.07246933262891574 -0.3863703305148594 0
0.06211657082480106 -0.4250073635665436 0
0.05176380902069328 -0.463644396618202 0
0.04141104721658617 -0.5022814296698576 0
0.03105828541247914 -0.5409184627215133 0
0.02070552360837175 -0.5795554957731704 0
0.01035276180426471 -0.6181925288248261 0
1.578737141016973e-13 -0.6568295618764807 0
-0.01035276180394873 -0.6954665949281347 0
-0.02070552360806703 -0.7341036279798322 0
-0.03105828541218445 -0.7727406610315266 0
0.2174079978860351 0.07727406610353836 0
0.2070552360819541 0.03863703305199651 0
0.1967024742778704 4.449079993307237e-13 0
0.1863497124738009 -0.03863703305105351 0
0.1759969506697313 -0.0772740661025529 0
0.1656441888656611 -0.1159110991540536 0
0.1552914270615878 -0.1545481322055666 0
0.144938665257516 -0.1931851652570742 0
0.1345859034534455 -0.2318221983085764 0
0.124233141649371 -0.2704592313600936 0
0.1138803798453059 -0.3090962644115761 0
0.1035276180412416 -0.3477332974630553 0
0.09317485623715129 -0.3863703305146317 0
0.08282209443303401 -0.4250073635663086 0
0.07246933262891417 -0.4636443966179951 0
0.06211657082480215 -0.5022814296696527 0
0.05176380902069065 -0.5409184627213079 0
0.04141104721657926 -0.5795554957729629 0
0.03105828541246761 -0.6181925288246189 0
0.02070552360835614 -0.6568295618762744 0
0.01035276180424485 -0.6954665949279287 0
1.338165689368509e-13 -0.7341036279795826 0
-0.01035276180398879 -0.7727406610312794 0
-0.0207055236081106 -0.8113776940829732 0
0.2277607596901716 0.03863703305185786 0
0.2174079978860901 3.333167075680876e-13 0
0.207055236082006 -0.03863703305120125 0
0.1967024742779363 -0.07727406610268214 0
0.1863497124738663 -0.1159110991541639 0
0.1759969506697959 -0.1545481322056472 0
0.1656441888657221 -0.1931851652571432 0
0.1552914270616498 -0.2318221983086337 0
0.1449386652575789 -0.2704592313601185 0
0.1345859034535039 -0.309096264411619 0
0.1242331416494391 -0.3477332974630812 0
0.1138803798453751 -0.3863703305145407 0
0.1035276180412823 -0.4250073635661078 0
0.09317485623715971 -0.4636443966177857 0
0.0828220944330345 -0.5022814296694738 0
0.07246933262891801 -0.5409184627211289 0
0.06211657082480181 -0.5795554957727832 0
0.05176380902068583 -0.6181925288244363 0
0.04141104721656964 -0.6568295618760907 0
0.03105828541245347 -0.6954665949277449 0
0.02070552360833751 -0.734103627979398 0
0.01035276180422176 -0.7727406610310508 0
9.459447114501529e-14 -0.811377694082746 0
-0.01035276180403188 -0.8500147271344383 0
0.2381135214943076 1.786557013438994e-13 0
0.227760759690226 -0.03863703305132906 0
0.2174079978861416 -0.07727406610284719 0
0.2070552360820716 -0.1159110991543111 0
0.1967024742780014 -0.1545481322057759 0
0.1863497124739309 -0.1931851652572423 0
0.1759969506698568 -0.2318221983087219 0
0.1656441888657842 -0.2704592313601958 0
0.1552914270617132 -0.3090962644116637 0
0.1449386652576378 -0.347733297463148 0
0.1345859034535735 -0.3863703305145908 0
0.1242331416495099 -0.4250073635660311 0
0.1138803798454147 -0.4636443966175894 0
0.103527618041287 -0.5022814296692689 0
0.09317485623715654 -0.5409184627209583 0
0.08282209443303569 -0.5795554957726126 0
0.07246933262891503 -0.6181925288242661 0
0.06211657082479457 -0.656829561875918 0
0.05176380902067402 -0.6954665949275713 0
0.04141104721655331 -0.7341036279792245 0
0.03105828541243279 -0.7727406610308774 0
0.02070552360831249 -0.8113776940825294 0
0.01035276180418092 -0.8500147271342232 0
4.994615832032423e-14 -0.8886517601859147 0
0.005176380902013718 0.9079702767117539 0
-0.005176380902090765 0.9079702767116528 -0
-0.005176380902115434 0.8693332436600689 -0
-0.01552914270622392 0.8693332436599612 -0
-0.01552914270624671 0.8306962106083762 -0
-0.02588190451035762 0.8306962106082676 -0
-0.02588190451037264 0.7920591775567032 -0
-0.03623466631448012 0.7920591775566157 -0
-0.03623466631449306 0.753422144505051 -0
-0.04658742811860284 0.7534221445049631 -0
-0.04658742811861366 0.714785111453398 -0
-0.05694018992272573 0.7147851114533098 -0
-0.05694018992273429 0.6761480784017448 -0
-0.06729295172684842 0.6761480784016571 -0
-0.0672929517268548 0.6375110453500921 -0
-0.07764571353097099 0.637511045350005 -0
-0.07764571353097537 0.5988740122984393 -0
-0.08799847533509388 0.5988740122983518 -0
-0.08799847533509611 0.5602369792467855 -0
-0.09835123713921679 0.5602369792466981 -0
-0.09835123713922177 0.5215999461951136 -0
-0.1087039989433498 0.5215999461950072 -0
-0.1087039989433509 0.482962913143429 -0
-0.11905676074748 0.4829629131433266 -0
-0.1190567607474623 0.4443258800918102 -0
-0.1294095225515763 0.4443258800917725 -0
-0.1294095225515417 0.4056888470403109 -0
-0.1397622843556396 0.4056888470403415 -0
-0.1397622843556057 0.3670518139888693 -0
-0.1501150461597036 0.3670518139889083 -0
-0.1501150461596755 0.3284147809374059 -0
-0.1604678079637791 0.3284147809374318 -0
-0.1604678079637487 0.2897777478859298 -0
-0.1708205697678501 0.289777747885972 -0
-0.1708205697678205 0.2511407148344588 -0
-0.1811733315719228 0.2511407148345062 -0
-0.1811733315718938 0.2125036817829821 -0
-0.191526093375997 0.2125036817830344 -0
-0.1915260933759662 0.173866648731509 -0
-0.2018788551800676 0.1738666487315762 -0
-0.2018788551800366 0.1352296156800435 -0
-0.2122316169841378 0.1352296156801197 -0
-0.2122316169841066 0.09659258262857914 -0
-0.2225843787882077 0.09659258262866394 -0
-0.2225843787881838 0.05795554957708812 -0
-0.2329371405922922 0.05795554957715378 -0
-0.2329371405922668 0.01931851652557521 -0
-0.2432899023963739 0.01931851652565418 -0
-0.2432899023963479 -0.0193185165259301 0
0.01552914270609334 0.869333243660278 0
0.005176380901990966 0.8693332436601765 0
0.005176380901968644 0.8306962106085921 0
-0.005176380902137756 0.8306962106084845 -0
-0.005176380902158172 0.7920591775568983 -0
-0.01552914270626712 0.7920591775567898 -0
-0.01552914270627962 0.7534221445052243 -0
-0.02588190451038514 0.7534221445051377 -0
-0.02588190451039548 0.7147851114535715 -0
-0.03623466631450339 0.7147851114534848 -0
-0.03623466631451155 0.6761480784019178 -0
-0.04658742811862182 0.676148078401831 -0
-0.04658742811862773 0.6375110453502635 -0
-0.0569401899227402 0.6375110453501773 -0
-0.05694018992274381 0.5988740122986096 -0
-0.06729295172685841 0.5988740122985243 -0
-0.0672929517268599 0.5602369792469558 -0
-0.07764571353097685 0.5602369792468707 -0
-0.07764571353097624 0.5215999461953011 -0
-0.0879984753350955 0.5215999461952161 -0
-0.08799847533509711 0.4829629131436297 -0
-0.09835123713922336 0.4829629131435273 -0
-0.098351237139221 0.4443258800919468 -0
-0.1087039989433485 0.4443258800918485 -0
-0.1087039989433287 0.4056888470403243 -0
-0.1190567607474425 0.405688847040286 -0
-0.1190567607474071 0.3670518139888109 -0
-0.1294095225515063 0.3670518139888359 -0
-0.1294095225514715 0.32841478093735 -0
-0.1397622843555709 0.3284147809373835 -0
-0.1397622843555414 0.2897777478858687 -0
-0.150115046159646 0.2897777478858912 -0
-0.1501150461596143 0.2511407148343762 -0
-0.160467807963717 0.2511407148344147 -0
-0.1604678079636859 0.2125036817828884 -0
-0.1708205697677894 0.2125036817829325 -0
-0.1708205697677589 0.1738666487313952 -0
-0.1811733315718634 0.1738666487314448 -0
-0.181173331571831 0.1352296156799056 -0
-0.1915260933759338 0.1352296156799699 -0
-0.1915260933759013 0.09659258262842307 -0
-0.201878855180004 0.09659258262849663 -0
-0.2018788551799712 0.05795554957694172 -0
-0.2122316169840738 0.05795554957702422 -0
-0.2122316169840481 0.01931851652543397 -0
-0.2225843787881581 0.01931851652549788 -0
-0.2225843787881309 -0.01931851652609559 0
-0.2329371405922397 -0.01931851652601826 0
-0.2329371405922117 -0.05795554957761752 0
0.02588190451016979 0.8306962106088138 0
0.01552914270607124 0.8306962106087057 0
0.0155291427060497 0.7920591775571263 0
0.005176380901947102 0.7920591775570127 0
0.005176380901927489 0.753422144505431 0
-0.005176380902177785 0.7534221445053166 -0
-0.005176380902189337 0.7147851114537557 -0
-0.01552914270629117 0.7147851114536634 -0
-0.0155291427063005 0.6761480784021017 -0
-0.02588190451040481 0.6761480784020097 -0
-0.02588190451041187 0.6375110453504467 -0
-0.03623466631451861 0.6375110453503547 -0
-0.03623466631452343 0.5988740122987908 -0
-0.04658742811863254 0.5988740122986995 -0
-0.04658742811863496 0.5602369792471353 -0
-0.05694018992274623 0.5602369792470454 -0
-0.0569401899227464 0.5215999461954803 -0
-0.06729295172686008 0.5215999461953906 -0
-0.06729295172685816 0.4829629131438239 -0
-0.07764571353097433 0.4829629131437344 -0
-0.07764571353097408 0.4443258800921519 -0
-0.08799847533509686 0.4443258800920472 -0
-0.08799847533509264 0.4056888470404701 -0
-0.09835123713921679 0.4056888470403698 -0
-0.09835123713919644 0.3670518139888436 -0
-0.1087039989433084 0.3670518139887981 -0
-0.1087039989432738 0.3284147809373158 -0
-0.1190567607473725 0.3284147809373286 -0
-0.1190567607473385 0.2897777478858348 -0
-0.1294095225514375 0.2897777478858562 -0
-0.1294095225514083 0.251140714834335 -0
-0.1397622843555122 0.2511407148343475 -0
-0.1397622843554807 0.2125036817828253 -0
-0.1501150461595829 0.2125036817828539 -0
-0.150115046159552 0.1738666487313204 -0
-0.160467807963655 0.1738666487313549 -0
-0.1604678079636245 0.1352296156798101 -0
-0.1708205697677285 0.1352296156798505 -0
-0.1708205697676962 0.09659258262830331 -0
-0.1811733315717988 0.09659258262835844 -0
-0.1811733315717661 0.05795554957680323 -0
-0.1915260933758686 0.05795554957686785 -0
-0.1915260933758356 0.01931851652530431 -0
-0.2018788551799382 0.01931851652537818 -0
-0.2018788551799122 -0.01931851652622069 0
-0.2122316169840221 -0.0193185165261649 0
-0.2122316169839946 -0.05795554957776743 0
-0.2225843787881034 -0.05795554957769812 0
-0.2225843787880749 -0.09659258262930653 0
0.03623466631424149 0.7920591775573674 0
0.02588190451014753 0.7920591775572499 0
0.02588190451012574 0.7534221445056792 0
0.01552914270602791 0.7534221445055558 0
0.01552914270600788 0.7147851114539834 0
0.005176380901907454 0.7147851114538586 0
0.005176380901895426 0.6761480784023075 0
-0.005176380902201365 0.6761480784022047 -0
-0.005176380902211293 0.6375110453506532 -0
-0.01552914270631042 0.6375110453505501 -0
-0.01552914270631823 0.5988740122989979 -0
-0.02588190451041967 0.5988740122988946 -0
-0.02588190451042544 0.5602369792473418 -0
-0.0362346663145292 0.560236979247238 -0
-0.03623466631453266 0.5215999461956855 -0
-0.04658742811863841 0.5215999461955827 -0
-0.04658742811863972 0.4829629131440297 -0
-0.05694018992274771 0.4829629131439273 -0
-0.05694018992274717 0.4443258800923727 -0
-0.06729295172685762 0.4443258800922694 -0
-0.0672929517268584 0.4056888470407015 -0
-0.07764571353097488 0.4056888470405841 -0
-0.07764571353097187 0.367051813989022 -0
-0.08799847533508963 0.3670518139889081 -0
-0.08799847533507202 0.3284147809373921 -0
-0.09835123713917882 0.3284147809373276 -0
-0.09835123713914848 0.2897777478858506 -0
-0.1087039989432434 0.2897777478858388 -0
-0.1087039989432138 0.2511407148343507 -0
-0.1190567607473089 0.2511407148343468 -0
-0.1190567607472838 0.2125036817828335 -0
-0.1294095225513832 0.2125036817828217 -0
-0.129409522551356 0.1738666487313077 -0
-0.1397622843554536 0.1738666487313113 -0
-0.1397622843554271 0.1352296156797865 -0
-0.1501150461595254 0.1352296156797956 -0
-0.1501150461594995 0.09659258262826018 -0
-0.1604678079635986 0.09659258262827475 -0
-0.160467807963571 0.05795554957673709 -0
-0.1708205697676686 0.05795554957676567 -0
-0.1708205697676408 0.01931851652522044 -0
-0.1811733315717383 0.019318516525258 -0
-0.1811733315717103 -0.019318516526295 0
-0.1915260933758077 -0.0193185165262487 0
-0.1915260933757867 -0.05795554957783632 0
-0.2018788551798912 -0.05795554957780831 0
-0.2018788551798689 -0.09659258262939932 0
-0.2122316169839722 -0.09659258262935844 0
-0.2122316169839491 -0.1352296156809547 0
0.0465874281183096 0.7534221445059346 0
0.03623466631421961 0.7534221445058097 0
0.03623466631419835 0.7147851114542454 0
0.02588190451010448 0.7147851114541149 0
0.02588190451008499 0.6761480784025482 0
0.0155291427059884 0.6761480784024165 0
0.01552914270597706 0.6375110453508712 0
0.005176380901884093 0.6375110453507622 0
0.005176380901874937 0.5988740122992161 0
-0.005176380902220449 0.5988740122991071 -0
-0.005176380902227402 0.5602369792475601 -0
-0.01552914270632518 0.5602369792474511 -0
-0.01552914270633011 0.5215999461959027 -0
-0.02588190451043037 0.5215999461957934 -0
-0.02588190451043289 0.4829629131442451 -0
-0.03623466631453517 0.4829629131441371 -0
-0.03623466631453542 0.4443258800925882 -0
-0.04658742811863998 0.4443258800924809 -0
-0.04658742811863838 0.4056888470409299 -0
-0.05694018992274557 0.4056888470408218 -0
-0.0569401899227448 0.3670518139892587 -0
-0.06729295172685763 0.3670518139891385 -0
-0.06729295172685303 0.3284147809375808 -0
-0.07764571353096728 0.3284147809374642 -0
-0.07764571353094937 0.2897777478859471 -0
-0.08799847533505412 0.289777747885875 -0
-0.08799847533502482 0.2511407148343914 -0
-0.09835123713911917 0.2511407148343671 -0
-0.09835123713909054 0.2125036817828721 -0
-0.1087039989431852 0.2125036817828558 -0
-0.1087039989431605 0.1738666487313367 -0
-0.1190567607472591 0.1738666487313145 -0
-0.1190567607472325 0.1352296156797941 -0
-0.1294095225513294 0.1352296156797873 -0
-0.1294095225513032 0.09659258262825608 -0
-0.1397622843554009 0.09659258262825524 -0
-0.1397622843553753 0.05795554957671316 -0
-0.1501150461594738 0.05795554957671811 -0
-0.1501150461594465 0.0193185165251732 -0
-0.1604678079635437 0.01931851652519219 -0
-0.1604678079635161 -0.01931851652636056 0
-0.1708205697676132 -0.0193185165263323 0
-0.1708205697675854 -0.05795554957789321 0
-0.1811733315716825 -0.0579555495778559 0
-0.1811733315716615 -0.09659258262945145 0
-0.1915260933757658 -0.09659258262943185 0
-0.1915260933757434 -0.1352296156810312 0
-0.2018788551798466 -0.1352296156809987 0
-0.2018788551798232 -0.1738666487326034 0
0.05694018992238819 0.7147851114544623 0
0.04658742811829508 0.7147851114543569 0
0.04658742811828102 0.6761480784027734 0
0.03623466631418429 0.6761480784026619 0
0.03623466631417176 0.6375110453510766 0
0.02588190451007246 0.6375110453509629 0
0.02588190451006793 0.5988740122994003 0
0.01552914270597253 0.5988740122993086 0
0.01552914270596998 0.560236979247746 0
0.005176380901872387 0.5602369792476535 0
0.005176380901871811 0.5215999461960907 0
-0.005176380902227978 0.5215999461959975 -0
-0.005176380902226822 0.4829629131444337 -0
-0.01552914270632896 0.482962913144339 -0
-0.01552914270632555 0.4443258800927763 -0
-0.02588190451042948 0.4443258800926824 -0
-0.02588190451042399 0.40568884704112 -0
-0.03623466631452993 0.4056888470410258 -0
-0.03623466631452288 0.3670518139894619 -0
-0.04658742811863133 0.3670518139893659 -0
-0.04658742811862487 0.3284147809377924 -0
-0.05694018992273833 0.3284147809376852 -0
-0.05694018992272828 0.2897777478861175 -0
-0.06729295172684298 0.2897777478860132 -0
-0.06729295172682125 0.2511407148344817 -0
-0.07764571353092764 0.2511407148344156 -0
-0.07764571353089608 0.2125036817829135 -0
-0.08799847533499328 0.2125036817828893 -0
-0.08799847533496266 0.1738666487313761 -0
-0.09835123713905994 0.1738666487313589 -0
-0.0983512371390331 0.1352296156798243 -0
-0.1087039989431337 0.1352296156798021 -0
-0.1087039989431051 0.09659258262826659 -0
-0.1190567607472039 0.09659258262825864 -0
-0.119056760747176 0.05795554957671317 -0
-0.1294095225512754 0.05795554957671062 -0
-0.1294095225512481 0.01931851652515519 -0
-0.139762284355348 0.01931851652515773 -0
-0.1397622843553195 -0.0193185165264 0
-0.1501150461594179 -0.01931851652638453 0
-0.1501150461593893 -0.05795554957794935 0
-0.1604678079634874 -0.05795554957792538 0
-0.1604678079634587 -0.09659258262949756 0
-0.1708205697675566 -0.09659258262946538 0
-0.170820569767535 -0.1352296156810711 0
-0.1811733315716398 -0.1352296156810572 0
-0.181173331571617 -0.1738666487326661 0
-0.1915260933757206 -0.1738666487326402 0
-0.1915260933756969 -0.2125036817842535 0
0.067292951726466 0.6761480784029932 0
0.0569401899223753 0.6761480784028863 0
0.05694018992236292 0.6375110453513045 0
0.04658742811826865 0.6375110453511916 0
0.04658742811825775 0.598874012299608 0
0.03623466631416086 0.5988740122994931 0
0.03623466631415807 0.5602369792479323 0
0.02588190451006514 0.5602369792478394 0
0.02588190451006433 0.5215999461962786 0
0.01552914270596917 0.521599946196185 0
0.01552914270597034 0.4829629131446238 0
0.00517638090187298 0.4829629131445295 0
0.005176380901875825 0.4443258800929673 0
-0.005176380902223977 0.4443258800928714 -0
-0.005176380902218853 0.40568884704131 -0
-0.01552914270632043 0.405688847041215 -0
-0.01552914270631317 0.3670518139896541 -0
-0.02588190451041673 0.3670518139895591 -0
-0.025881904510408 0.3284147809379963 -0
-0.03623466631451415 0.3284147809378991 -0
-0.03623466631450555 0.2897777478863283 -0
-0.04658742811861627 0.2897777478862216 -0
-0.04658742811860411 0.2511407148346566 -0
-0.05694018992271613 0.2511407148345525 -0
-0.05694018992269368 0.2125036817830185 -0
-0.06729295172679879 0.2125036817829477 -0
-0.06729295172676793 0.1738666487314375 -0
-0.07764571353086522 0.1738666487314034 -0
-0.07764571353083534 0.1352296156798821 -0
-0.08799847533493278 0.1352296156798548 -0
-0.08799847533490621 0.09659258262831373 -0
-0.09835123713900651 0.09659258262828321 -0
-0.09835123713897828 0.05795554957674083 -0
-0.1087039989430769 0.05795554957672421 -0
-0.1087039989430493 0.01931851652517198 -0
-0.1190567607471484 0.01931851652516095 -0
-0.1190567607471214 -0.01931851652640112 0
-0.1294095225512211 -0.01931851652640688 0
-0.1294095225511928 -0.05795554957797162 0
-0.1397622843552912 -0.05795554957796474 0
-0.1397622843552628 -0.0965925826295366 0
-0.1501150461593609 -0.09659258262952122 0
-0.1501150461593325 -0.1352296156811005 0
-0.1604678079634303 -0.1352296156810768 0
-0.1604678079634088 -0.1738666487326894 0
-0.1708205697675135 -0.1738666487326837 0
-0.170820569767491 -0.2125036817842998 0
-0.1811733315715944 -0.2125036817842822 0
-0.181173331571571 -0.2511407148359024 0
0.07764571353053829 0.6375110453515446 0
0.06729295172645244 0.6375110453514272 0
0.06729295172643955 0.5988740122998557 0
0.05694018992235003 0.5988740122997329 0
0.0569401899223387 0.560236979248159 0
0.04658742811824642 0.560236979248034 0
0.04658742811824335 0.5215999461964824 0
0.03623466631415499 0.5215999461963807 0
0.03623466631415401 0.4829629131448285 0
0.02588190451006334 0.4829629131447264 0
0.02588190451006445 0.4443258800931738 0
0.01552914270597145 0.4443258800930712 0
0.01552914270597425 0.4056888470415165 0
0.005176380901878625 0.4056888470414126 0
0.005176380901883847 0.3670518139898586 0
-0.005176380902213631 0.3670518139897561 -0
-0.005176380902206117 0.3284147809382023 -0
-0.01552914270630566 0.3284147809381004 -0
-0.01552914270629664 0.2897777478865439 -0
-0.02588190451039899 0.2897777478864398 -0
-0.02588190451038954 0.2511407148348768 -0
-0.03623466631449609 0.2511407148347652 -0
-0.03623466631448306 0.2125036817832073 -0
-0.04658742811859108 0.2125036817830986 -0
-0.04658742811856901 0.173866648731566 -0
-0.05694018992267161 0.1738666487314858 -0
-0.05694018992264241 0.1352296156799715 -0
-0.06729295172673873 0.1352296156799233 -0
-0.06729295172671043 0.09659258262839723 -0
-0.07764571353080704 0.09659258262835604 -0
-0.07764571353078147 0.05795554957681147 -0
-0.08799847533488062 0.05795554957676916 -0
-0.08799847533485339 0.01931851652522253 -0
-0.09835123713895105 0.0193185165251942 -0
-0.0983512371389243 -0.01931851652636252 0
-0.1087039989430225 -0.01931851652638474 0
-0.1087039989429962 -0.05795554957795164 0
-0.1190567607470951 -0.05795554957796803 0
-0.1190567607470675 -0.09659258262953829 0
-0.1294095225511652 -0.09659258262954189 0
-0.1294095225511374 -0.1352296156811197 0
-0.139762284355235 -0.1352296156811145 0
-0.1397622843552071 -0.1738666487327001 0
-0.1501150461593045 -0.1738666487326861 0
-0.1501150461592833 -0.2125036817843053 0
-0.1604678079633877 -0.2125036817843086 0
-0.1604678079633653 -0.2511407148359318 0
-0.1708205697674686 -0.2511407148359229 0
-0.1708205697674452 -0.2897777478875505 0
0.08799847533462164 0.5988740123000547 0
0.07764571353053229 0.5988740122999581 0
0.07764571353052678 0.5602369792483668 0
0.06729295172643404 0.5602369792482644 0
0.06729295172642982 0.5215999461966709 0
0.05694018992233447 0.5215999461965655 0
0.05694018992233839 0.4829629131449958 0
0.04658742811824726 0.4829629131449128 0
0.04658742811825305 0.4443258800933435 0
0.03623466631415979 0.4443258800932592 0
0.03623466631416744 0.4056888470416902 0
0.02588190451007209 0.4056888470416047 0
0.02588190451008113 0.3670518139900341 0
0.0155291427059833 0.367051813989946 0
0.01552914270599458 0.3284147809383771 0
0.005176380901895133 0.3284147809382897 0
0.005176380901908528 0.2897777478867222 0
-0.005176380902192721 0.2897777478866347 -0
-0.005176380902178153 0.2511407148350648 -0
-0.01552914270628207 0.251140714834974 -0
-0.01552914270626683 0.2125036817834 -0
-0.0258819045103743 0.2125036817833027 -0
-0.02588190451035571 0.1738666487317344 -0
-0.03623466631446447 0.1738666487316389 -0
-0.03623466631443846 0.1352296156800916 -0
-0.046587428118543 0.1352296156800186 -0
-0.04658742811851146 0.09659258262848525 -0
-0.05694018992261088 0.09659258262843817 -0
-0.05694018992258051 0.05795554957689367 -0
-0.06729295172668007 0.05795554957685273 -0
-0.0672929517266522 0.01931851652529221 -0
-0.0776457135307536 0.01931851652525095 -0
-0.07764571353072439 -0.01931851652631114 0
-0.08799847533482419 -0.01931851652633956 0
-0.08799847533479563 -0.05795554957791083 0
-0.09835123713889572 -0.05795554957793378 0
-0.09835123713886784 -0.09659258262951427 0
-0.1087039989429684 -0.09659258262953213 0
-0.1087039989429394 -0.1352296156811154 0
-0.1190567607470386 -0.1352296156811216 0
-0.1190567607470097 -0.1738666487327117 0
-0.1294095225511085 -0.1738666487327098 0
-0.1294095225510798 -0.2125036817843069 0
-0.1397622843551783 -0.2125036817842972 0
-0.1397622843551564 -0.2511407148359267 0
-0.1501150461592614 -0.2511407148359348 0
-0.1501150461592387 -0.2897777478875677 0
-0.1604678079633425 -0.2897777478875646 0
-0.1604678079633189 -0.328414780939201 0
0.09835123713868879 0.5602369792486253 0
0.08799847533460961 0.5602369792484982 0
0.08799847533459848 0.5215999461969358 0
0.07764571353051565 0.5215999461968044 0
0.07764571353050607 0.4829629131452388 0
0.06729295172642025 0.4829629131451054 0
0.06729295172641921 0.4443258800935626 0
0.05694018992233735 0.444325880093453 0
0.05694018992233849 0.4056888470419092 0
0.04658742811825418 0.4056888470417997 0
0.04658742811825754 0.3670518139902549 0
0.03623466631417079 0.3670518139901454 0
0.0362346663141758 0.3284147809385976 0
0.02588190451008614 0.3284147809384863 0
0.02588190451009372 0.289777747886939 0
0.01552914270600217 0.2897777478868299 0
0.01552914270601225 0.2511407148352827 0
0.005176380901918607 0.251140714835175 0
0.005176380901930094 0.2125036817836239 0
-0.005176380902166666 0.2125036817835138 -0
-0.005176380902153718 0.173866648731959 -0
-0.01552914270625388 0.1738666487318452 -0
-0.01552914270623731 0.1352296156802948 -0
-0.02588190451033914 0.135229615680184 -0
-0.02588190451031623 0.09659258262864813 -0
-0.03623466631441556 0.0965925826285557 -0
-0.03623466631438818 0.05795554957702743 -0
-0.04658742811848409 0.05795554957695698 -0
-0.04658742811845761 0.01931851652541618 -0
-0.05694018992255404 0.01931851652535287 -0
-0.05694018992252928 -0.01931851652620352 0
-0.06729295172662744 -0.01931851652626418 0
-0.0672929517266011 -0.05795554957782371 0
-0.07764571353069806 -0.05795554957787068 0
-0.07764571353067198 -0.0965925826294404 0
-0.08799847533476954 -0.09659258262948055 0
-0.08799847533474379 -0.1352296156810606 0
-0.0983512371388421 -0.1352296156810943 0
-0.09835123713881505 -0.1738666487326788 0
-0.1087039989429124 -0.1738666487326999 0
-0.1087039989428851 -0.2125036817842923 0
-0.1190567607469824 -0.2125036817843041 0
-0.1190567607469549 -0.2511407148359049 0
-0.1294095225510522 -0.2511407148359077 0
-0.1294095225510311 -0.2897777478875417 0
-0.1397622843551353 -0.2897777478875607 0
-0.1397622843551131 -0.3284147809391996 0
-0.1501150461592164 -0.3284147809392065 0
-0.1501150461591929 -0.3670518139908499 0
0.1087039989427562 0.521599946197195 0
0.09835123713867924 0.5215999461970673 0
0.09835123713867086 0.4829629131455029 0
0.08799847533459008 0.4829629131453714 0
0.08799847533458341 0.4443258800938028 0
0.0776457135304994 0.4443258800936701 0
0.07764571353050154 0.4056888470421235 0
0.06729295172642134 0.4056888470420159 0
0.06729295172642585 0.3670518139904677 0
0.05694018992234301 0.3670518139903609 0
0.05694018992234996 0.3284147809388109 0
0.0465874281182645 0.3284147809387049 0
0.04658742811827318 0.2897777478871507 0
0.03623466631418448 0.2897777478870434 0
0.03623466631419605 0.2511407148354891 0
0.02588190451010529 0.2511407148353847 0
0.02588190451011958 0.2125036817838299 0
0.01552914270602654 0.2125036817837279 0
0.01552914270604235 0.1738666487321681 0
0.005176380901945905 0.1738666487320641 0
0.005176380901963835 0.1352296156805016 0
-0.005176380902135787 0.1352296156803964 -0
-0.005176380902114062 0.0965925826288373 -0
-0.01552914270621559 0.09659258262873573 -0
-0.0155291427061887 0.05795554957718511 -0
-0.02588190451028935 0.05795554957709752 -0
-0.02588190451025918 0.01931851652554853 -0
-0.03623466631435801 0.01931851652547845 -0
-0.03623466631432858 -0.01931851652608409 0
-0.04658742811842818 -0.01931851652614636 0
-0.0465874281183998 -0.05795554957772356 0
-0.0569401899225009 -0.05795554957778072 0
-0.05694018992247081 -0.09659258262936221 0
-0.06729295172657102 -0.0965925826294052 0
-0.06729295172654094 -0.1352296156809975 0
-0.07764571353064192 -0.1352296156810327 0
-0.07764571353061193 -0.1738666487326361 0
-0.0879984753347138 -0.173866648732664 0
-0.08799847533468241 -0.2125036817842728 0
-0.09835123713878366 -0.2125036817842876 0
-0.09835123713875178 -0.2511407148359053 0
-0.1087039989428532 -0.2511407148359099 0
-0.1087039989428208 -0.2897777478875366 0
-0.1190567607469225 -0.2897777478875316 0
-0.1190567607468964 -0.3284147809391921 0
-0.129409522551005 -0.3284147809392022 0
-0.1294095225509775 -0.3670518139908685 0
-0.1397622843550856 -0.3670518139908659 0
-0.1397622843550566 -0.4056888470425373 0
0.1190567607468235 0.482962913145765 0
0.108703998942749 0.4829629131456358 0
0.108703998942743 0.4443258800940703 0
0.09835123713866481 0.4443258800939374 0
0.0983512371386604 0.4056888470423679 0
0.087998475334579 0.4056888470422332 0
0.08799847533458341 0.3670518139906863 0
0.07764571353050595 0.3670518139905766 0
0.07764571353051272 0.3284147809390282 0
0.06729295172643263 0.3284147809389193 0
0.06729295172644173 0.2897777478873693 0
0.05694018992235907 0.2897777478872609 0
0.05694018992236979 0.2511407148357067 0
0.04658742811828391 0.2511407148355964 0
0.04658742811829746 0.2125036817840424 0
0.0362346663142096 0.2125036817839351 0
0.03623466631422585 0.1738666487323809 0
0.02588190451013582 0.1738666487322758 0
0.02588190451015346 0.1352296156807166 0
0.01552914270605999 0.1352296156806089 0
0.01552914270608013 0.09659258262904884 0
0.005176380901983978 0.09659258262894149 0
0.00517638090200782 0.05795554957738484 0
-0.00517638090209022 0.05795554957728065 -0
-0.005176380902062669 0.01931851652572752 -0
-0.01552914270616115 0.01931851652563199 -0
-0.01552914270613178 -0.01931851652592453 0
-0.02588190451022981 -0.01931851652600799 0
-0.02588190451020126 -0.05795554957757801 0
-0.03623466631430004 -0.0579555495776541 0
-0.03623466631427216 -0.09659258262923684 0
-0.04658742811837192 -0.0965925826293063 0
-0.04658742811834247 -0.1352296156808935 0
-0.05694018992244136 -0.1352296156809494 0
-0.05694018992241197 -0.173866648732547 0
-0.06729295172651156 -0.1738666487325952 0
-0.06729295172648225 -0.2125036817842035 0
-0.07764571353058264 -0.2125036817842444 0
-0.07764571353055208 -0.2511407148358583 0
-0.08799847533465187 -0.2511407148358867 0
-0.08799847533462088 -0.2897777478875092 0
-0.09835123713872079 -0.2897777478875277 0
-0.0983512371386894 -0.3284147809391591 0
-0.1087039989427895 -0.328414780939168 0
-0.1087039989427643 -0.3670518139908327 0
-0.1190567607468712 -0.3670518139908568 0
-0.1190567607468448 -0.4056888470425273 0
-0.1294095225509511 -0.405688847042539 0
-0.1294095225509232 -0.4443258800942141 0
0.1294095225509232 0.4443258800942141 0
0.1190567607468342 0.4443258800941465 0
0.1190567607468448 0.4056888470425273 0
0.1087039989427535 0.4056888470424511 0
0.1087039989427643 0.3670518139908327 0
0.09835123713867114 0.3670518139907495 0
0.09835123713868939 0.3284147809391591 0
0.08799847533460167 0.3284147809390959 0
0.08799847533462088 0.2897777478875092 0
0.07764571353053193 0.2897777478874416 0
0.07764571353055211 0.2511407148358583 0
0.06729295172646191 0.251140714835786 0
0.06729295172648228 0.2125036817842035 0
0.05694018992239017 0.2125036817841241 0
0.05694018992241197 0.173866648732547 0
0.04658742811831927 0.1738666487324653 0
0.04658742811834247 0.1352296156808935 0
0.03623466631424906 0.1352296156808091 0
0.03623466631427216 0.09659258262923685 0
0.02588190451017656 0.0965925826291444 0
0.02588190451020126 0.05795554957757802 0
0.01552914270610483 0.05795554957748246 0
0.01552914270613178 0.01931851652592453 0
0.005176380902034775 0.01931851652582692 0
0.005176380902062676 -0.01931851652572751 0
-0.005176380902034768 -0.0193185165258269 0
-0.005176380902007813 -0.05795554957738483 0
-0.01552914270610483 -0.05795554957748246 0
-0.01552914270608013 -0.09659258262904885 0
-0.02588190451017656 -0.0965925826291444 0
-0.02588190451015346 -0.1352296156807166 0
-0.03623466631424905 -0.135229615680809 0
-0.03623466631422585 -0.1738666487323809 0
-0.04658742811831927 -0.1738666487324654 0
-0.04658742811829746 -0.2125036817840424 0
-0.05694018992239015 -0.2125036817841241 0
-0.0569401899223698 -0.2511407148357067 0
-0.06729295172646189 -0.251140714835786 0
-0.06729295172644174 -0.2897777478873693 0
-0.07764571353053193 -0.2897777478874416 0
-0.07764571353051269 -0.3284147809390283 0
-0.08799847533460166 -0.3284147809390959 0
-0.08799847533458338 -0.3670518139906863 0
-0.09835123713867112 -0.3670518139907495 0
-0.09835123713866038 -0.4056888470423679 0
-0.1087039989427535 -0.4056888470424511 0
-0.108703998942743 -0.4443258800940703 0
-0.1190567607468342 -0.4443258800941465 0
-0.1190567607468235 -0.4829629131457649 0
0.1397622843550566 0.4056888470425374 0
0.1294095225509511 0.4056888470425391 0
0.1294095225509775 0.3670518139908686 0
0.1190567607468712 0.3670518139908568 0
0.1190567607468964 0.3284147809391921 0
0.1087039989427895 0.328414780939168 0
0.1087039989428208 0.2897777478875366 0
0.09835123713872079 0.2897777478875277 0
0.09835123713875178 0.2511407148359052 0
0.08799847533465187 0.2511407148358867 0
0.08799847533468243 0.2125036817842728 0
0.07764571353058267 0.2125036817842444 0
0.07764571353061195 0.1738666487326361 0
0.06729295172651156 0.1738666487325952 0
0.06729295172654094 0.1352296156809975 0
0.05694018992244135 0.1352296156809493 0
0.05694018992247081 0.0965925826293622 0
0.04658742811837193 0.0965925826293063 0
0.0465874281183998 0.05795554957772353 0
0.03623466631430003 0.05795554957765409 0
0.03623466631432858 0.01931851652608406 0
0.02588190451022981 0.01931851652600799 0
0.02588190451025918 -0.0193185165255485 0
0.01552914270616115 -0.01931851652563196 0
0.01552914270618871 -0.05795554957718509 0
0.005176380902090237 -0.05795554957728064 0
0.005176380902114072 -0.09659258262883728 0
-0.005176380901983978 -0.09659258262894148 0
-0.005176380901963831 -0.1352296156805016 0
-0.01552914270605998 -0.135229615680609 0
-0.01552914270604234 -0.1738666487321682 0
-0.02588190451013582 -0.1738666487322758 0
-0.02588190451011957 -0.2125036817838299 0
-0.0362346663142096 -0.2125036817839351 0
-0.03623466631419606 -0.2511407148354891 0
-0.04658742811828391 -0.2511407148355964 0
-0.04658742811827318 -0.2897777478871506 0
-0.05694018992235907 -0.2897777478872609 0
-0.05694018992234997 -0.3284147809388108 0
-0.06729295172643264 -0.3284147809389193 0
-0.06729295172642588 -0.3670518139904677 0
-0.07764571353050595 -0.3670518139905766 0
-0.07764571353050154 -0.4056888470421236 0
-0.08799847533457897 -0.4056888470422332 0
-0.08799847533458338 -0.4443258800938028 0
-0.0983512371386648 -0.4443258800939375 0
-0.09835123713867086 -0.4829629131455029 0
-0.108703998942749 -0.4829629131456357 0
-0.1087039989427562 -0.521599946197195 0
0.1501150461591929 0.3670518139908499 0
0.1397622843550856 0.3670518139908661 0
0.1397622843551131 0.3284147809391997 0
0.129409522551005 0.3284147809392023 0
0.1294095225510311 0.2897777478875417 0
0.1190567607469225 0.2897777478875315 0
0.1190567607469548 0.2511407148359048 0
0.1087039989428532 0.2511407148359099 0
0.1087039989428851 0.2125036817842923 0
0.09835123713878366 0.2125036817842876 0
0.09835123713881505 0.1738666487326788 0
0.08799847533471383 0.1738666487326639 0
0.08799847533474381 0.1352296156810606 0
0.07764571353064192 0.1352296156810327 0
0.077645713530672 0.09659258262944038 0
0.06729295172657102 0.09659258262940519 0
0.0672929517266011 0.05795554957782371 0
0.0569401899225009 0.05795554957778072 0
0.05694018992252929 0.01931851652620353 0
0.04658742811842818 0.01931851652614634 0
0.04658742811845762 -0.01931851652541616 0
0.03623466631435801 -0.01931851652547845 0
0.03623466631438818 -0.05795554957702746 0
0.02588190451028935 -0.05795554957709752 0
0.02588190451031623 -0.09659258262864816 0
0.0155291427062156 -0.09659258262873573 0
0.01552914270623732 -0.1352296156802948 0
0.005176380902135791 -0.1352296156803964 0
0.005176380902153721 -0.173866648731959 0
-0.005176380901945901 -0.1738666487320642 0
-0.005176380901930094 -0.212503681783624 0
-0.01552914270602654 -0.2125036817837279 0
-0.01552914270601225 -0.2511407148352828 0
-0.02588190451010529 -0.2511407148353847 0
-0.02588190451009372 -0.289777747886939 0
-0.0362346663141845 -0.2897777478870434 0
-0.03623466631417578 -0.3284147809385974 0
-0.04658742811826447 -0.3284147809387047 0
-0.04658742811825754 -0.3670518139902548 0
-0.05694018992234304 -0.3670518139903609 0
-0.0569401899223385 -0.4056888470419092 0
-0.06729295172642134 -0.4056888470420159 0
-0.06729295172641919 -0.4443258800935624 0
-0.07764571353049939 -0.4443258800936701 0
-0.07764571353050606 -0.4829629131452388 0
-0.08799847533459007 -0.4829629131453714 0
-0.08799847533459848 -0.5215999461969358 0
-0.09835123713867927 -0.5215999461970673 0
-0.09835123713868879 -0.5602369792486251 0
0.1604678079633189 0.328414780939201 0
0.1501150461592164 0.3284147809392066 0
0.1501150461592387 0.2897777478875677 0
0.1397622843551353 0.2897777478875608 0
0.1397622843551564 0.2511407148359267 0
0.1294095225510522 0.2511407148359076 0
0.1294095225510798 0.2125036817843069 0
0.1190567607469824 0.2125036817843041 0
0.1190567607470097 0.1738666487327117 0
0.1087039989429124 0.1738666487326999 0
0.1087039989429394 0.1352296156811154 0
0.09835123713884208 0.1352296156810943 0
0.09835123713886784 0.09659258262951428 0
0.08799847533476957 0.09659258262948055 0
0.08799847533479563 0.05795554957791084 0
0.07764571353069807 0.05795554957787068 0
0.07764571353072443 0.01931851652631113 0
0.06729295172662746 0.01931851652626417 0
0.06729295172665223 -0.01931851652529223 0
0.05694018992255405 -0.01931851652535287 0
0.05694018992258051 -0.05795554957689367 0
0.04658742811848409 -0.05795554957695696 0
0.04658742811851146 -0.0965925826284852 0
0.03623466631441556 -0.0965925826285557 0
0.03623466631443847 -0.1352296156800916 0
0.02588190451033914 -0.135229615680184 0
0.02588190451035572 -0.1738666487317344 0
0.01552914270625389 -0.1738666487318452 0
0.01552914270626683 -0.2125036817833999 0
0.005176380902166659 -0.2125036817835138 0
0.005176380902178146 -0.2511407148350647 0
-0.005176380901918607 -0.251140714835175 0
-0.005176380901908528 -0.2897777478867221 0
-0.01552914270600217 -0.2897777478868299 0
-0.01552914270599458 -0.3284147809383772 0
-0.02588190451008614 -0.3284147809384863 0
-0.02588190451008114 -0.3670518139900342 0
-0.03623466631417079 -0.3670518139901453 0
-0.03623466631416744 -0.4056888470416902 0
-0.0465874281182542 -0.4056888470417997 0
-0.04658742811825305 -0.4443258800933435 0
-0.05694018992233735 -0.444325880093453 0
-0.0569401899223384 -0.4829629131449958 0
-0.06729295172642025 -0.4829629131451053 0
-0.06729295172642981 -0.5215999461966709 0
-0.07764571353051564 -0.5215999461968044 0
-0.07764571353052677 -0.5602369792483668 0
-0.08799847533460961 -0.5602369792484982 0
-0.08799847533462164 -0.5988740123000547 0
0.1708205697674453 0.2897777478875505 0
0.1604678079633425 0.2897777478875646 0
0.1604678079633653 0.2511407148359318 0
0.1501150461592614 0.2511407148359348 0
0.1501150461592834 0.2125036817843053 0
0.1397622843551783 0.2125036817842972 0
0.1397622843552071 0.1738666487327001 0
0.1294095225511085 0.1738666487327098 0
0.1294095225511374 0.1352296156811197 0
0.1190567607470386 0.1352296156811216 0
0.1190567607470675 0.09659258262953828 0
0.1087039989429684 0.09659258262953213 0
0.1087039989429962 0.05795554957795163 0
0.09835123713889572 0.05795554957793378 0
0.09835123713892427 0.0193185165263625 0
0.08799847533482419 0.01931851652633956 0
0.08799847533485339 -0.01931851652522255 0
0.07764571353075361 -0.01931851652525099 0
0.07764571353078147 -0.05795554957681148 0
0.06729295172668007 -0.05795554957685273 0
0.06729295172671042 -0.09659258262839722 0
0.05694018992261087 -0.09659258262843816 0
0.0569401899226424 -0.1352296156799715 0
0.046587428118543 -0.1352296156800186 0
0.046587428118569 -0.173866648731566 0
0.03623466631446447 -0.173866648731639 0
0.03623466631448305 -0.2125036817832072 0
0.0258819045103743 -0.2125036817833026 0
0.02588190451038954 -0.2511407148348767 0
0.01552914270628207 -0.251140714834974 0
0.01552914270629665 -0.289777747886544 0
0.005176380902192721 -0.2897777478866347 0
0.005176380902206117 -0.3284147809382023 0
-0.005176380901895133 -0.3284147809382898 0
-0.005176380901883847 -0.3670518139898586 0
-0.0155291427059833 -0.367051813989946 0
-0.01552914270597425 -0.4056888470415165 0
-0.02588190451007209 -0.4056888470416047 0
-0.02588190451006444 -0.4443258800931738 0
-0.03623466631415979 -0.4443258800932592 0
-0.03623466631415401 -0.4829629131448285 0
-0.04658742811824726 -0.4829629131449128 0
-0.04658742811824335 -0.5215999461964823 0
-0.05694018992233447 -0.5215999461965654 0
-0.05694018992233869 -0.5602369792481587 0
-0.06729295172643403 -0.5602369792482643 0
-0.06729295172643954 -0.5988740122998557 0
-0.07764571353053229 -0.5988740122999581 0
-0.07764571353053829 -0.6375110453515447 0
0.181173331571571 0.2511407148359024 0
0.1708205697674686 0.2511407148359229 0
0.1708205697674909 0.2125036817842997 0
0.1604678079633877 0.2125036817843086 0
0.1604678079634088 0.1738666487326894 0
0.1501150461593045 0.1738666487326861 0
0.1501150461593325 0.1352296156811004 0
0.139762284355235 0.1352296156811145 0
0.1397622843552628 0.0965925826295366 0
0.1294095225511652 0.09659258262954187 0
0.1294095225511928 0.05795554957797164 0
0.1190567607470951 0.05795554957796804 0
0.1190567607471214 0.01931851652640114 0
0.1087039989430225 0.01931851652638472 0
0.1087039989430493 -0.019318516525172 0
0.09835123713895104 -0.01931851652519422 0
0.09835123713897828 -0.05795554957674086 0
0.08799847533488062 -0.0579555495767692 0
0.08799847533490619 -0.09659258262831377 0
0.07764571353080704 -0.09659258262835606 0
0.07764571353083533 -0.1352296156798821 0
0.0672929517267387 -0.1352296156799233 0
0.06729295172676791 -0.1738666487314375 0
0.05694018992267161 -0.1738666487314858 0
0.05694018992269369 -0.2125036817830184 0
0.04658742811859108 -0.2125036817830987 0
0.04658742811860412 -0.2511407148346566 0
0.03623466631449609 -0.2511407148347651 0
0.03623466631450555 -0.2897777478863283 0
0.025881904510399 -0.2897777478864398 0
0.025881904510408 -0.3284147809379964 0
0.01552914270630565 -0.3284147809381005 0
0.01552914270631316 -0.3670518139896542 0
0.005176380902213625 -0.3670518139897561 0
0.00517638090221885 -0.40568884704131 0
-0.005176380901878622 -0.4056888470414126 0
-0.005176380901875818 -0.4443258800929671 0
-0.01552914270597144 -0.4443258800930712 0
-0.01552914270597034 -0.4829629131446239 0
-0.02588190451006334 -0.4829629131447265 0
-0.02588190451006432 -0.5215999461962786 0
-0.03623466631415499 -0.5215999461963807 0
-0.03623466631415807 -0.5602369792479323 0
-0.04658742811824641 -0.560236979248034 0
-0.04658742811825776 -0.5988740122996082 0
-0.05694018992235003 -0.5988740122997329 0
-0.05694018992236294 -0.6375110453513047 0
-0.06729295172645244 -0.6375110453514273 0
-0.067292951726466 -0.6761480784029932 0
0.191526093375697 0.2125036817842535 0
0.1811733315715944 0.2125036817842821 0
0.181173331571617 0.1738666487326661 0
0.1708205697675135 0.1738666487326837 0
0.170820569767535 0.1352296156810711 0
0.1604678079634303 0.1352296156810768 0
0.1604678079634587 0.09659258262949755 0
0.1501150461593609 0.0965925826295212 0
0.1501150461593893 0.05795554957794934 0
0.1397622843552911 0.05795554957796474 0
0.1397622843553195 0.01931851652640001 0
0.1294095225512211 0.01931851652640691 0
0.1294095225512481 -0.01931851652515518 0
0.1190567607471484 -0.01931851652516095 0
0.119056760747176 -0.05795554957671317 0
0.1087039989430769 -0.05795554957672422 0
0.1087039989431051 -0.0965925826282666 0
0.09835123713900651 -0.09659258262828324 0
0.0983512371390331 -0.1352296156798243 0
0.08799847533493278 -0.1352296156798548 0
0.08799847533496269 -0.1738666487313761 0
0.07764571353086523 -0.1738666487314033 0
0.07764571353089612 -0.2125036817829134 0
0.06729295172679881 -0.2125036817829475 0
0.06729295172682126 -0.2511407148344817 0
0.05694018992271614 -0.2511407148345526 0
0.05694018992272828 -0.2897777478861177 0
0.04658742811861626 -0.2897777478862217 0
0.04658742811862487 -0.3284147809377925 0
0.03623466631451416 -0.3284147809378992 0
0.03623466631452289 -0.367051813989462 0
0.02588190451041672 -0.3670518139895592 0
0.02588190451042398 -0.40568884704112 0
0.01552914270632041 -0.4056888470412149 0
0.01552914270632554 -0.4443258800927762 0
0.005176380902223977 -0.4443258800928713 0
0.005176380902226815 -0.4829629131444337 0
-0.00517638090187298 -0.4829629131445295 0
-0.005176380901871815 -0.5215999461960907 0
-0.01552914270596917 -0.5215999461961851 0
-0.01552914270596998 -0.5602369792477462 0
-0.02588190451006513 -0.5602369792478397 0
-0.02588190451006792 -0.5988740122994006 0
-0.03623466631416086 -0.5988740122994932 0
-0.03623466631417175 -0.6375110453510768 0
-0.04658742811826865 -0.6375110453511919 0
-0.04658742811828102 -0.6761480784027736 0
-0.0569401899223753 -0.6761480784028864 0
-0.05694018992238818 -0.7147851114544623 0
0.2018788551798233 0.1738666487326033 0
0.1915260933757206 0.1738666487326402 0
0.1915260933757434 0.1352296156810312 0
0.1811733315716398 0.1352296156810572 0
0.1811733315716615 0.09659258262945142 0
0.1708205697675567 0.09659258262946538 0
0.1708205697675854 0.05795554957789319 0
0.1604678079634874 0.05795554957792537 0
0.1604678079635161 0.01931851652636055 0
0.1501150461594179 0.01931851652638453 0
0.1501150461594465 -0.01931851652517318 0
0.1397622843553481 -0.01931851652515769 0
0.1397622843553753 -0.05795554957671312 0
0.1294095225512753 -0.0579555495767106 0
0.1294095225513033 -0.09659258262825607 0
0.1190567607472039 -0.09659258262825864 0
0.1190567607472325 -0.1352296156797941 0
0.1087039989431337 -0.1352296156798021 0
0.1087039989431605 -0.1738666487313367 0
0.09835123713905994 -0.1738666487313589 0
0.09835123713909055 -0.2125036817828721 0
0.0879984753349933 -0.2125036817828893 0
0.08799847533502483 -0.2511407148343915 0
0.07764571353092765 -0.2511407148344156 0
0.07764571353094936 -0.2897777478859471 0
0.06729295172684296 -0.2897777478860132 0
0.06729295172685301 -0.3284147809375808 0
0.05694018992273833 -0.3284147809376853 0
0.05694018992274481 -0.3670518139892587 0
0.04658742811863134 -0.367051813989366 0
0.04658742811863839 -0.4056888470409299 0
0.03623466631452993 -0.4056888470410259 0
0.03623466631453542 -0.4443258800925883 0
0.02588190451042947 -0.4443258800926823 0
0.02588190451043288 -0.4829629131442451 0
0.01552914270632895 -0.482962913144339 0
0.01552914270633011 -0.5215999461959027 0
0.005176380902227974 -0.5215999461959973 0
0.005176380902227402 -0.56023697924756 0
-0.005176380901872387 -0.5602369792476534 0
-0.005176380901874937 -0.598874012299216 0
-0.01552914270597253 -0.5988740122993088 0
-0.01552914270597707 -0.6375110453508712 0
-0.02588190451007246 -0.637511045350963 0
-0.02588190451008499 -0.6761480784025482 0
-0.03623466631418429 -0.676148078402662 0
-0.03623466631419835 -0.7147851114542452 0
-0.04658742811829508 -0.7147851114543569 0
-0.0465874281183096 -0.7534221445059345 0
0.2122316169839491 0.1352296156809546 0
0.2018788551798466 0.1352296156809987 0
0.201878855179869 0.09659258262939929 0
0.1915260933757658 0.09659258262943185 0
0.1915260933757867 0.05795554957783633 0
0.1811733315716825 0.0579555495778559 0
0.1811733315717103 0.01931851652629499 0
0.1708205697676132 0.01931851652633227 0
0.1708205697676408 -0.01931851652522049 0
0.1604678079635437 -0.0193185165251922 0
0.160467807963571 -0.05795554957673708 0
0.1501150461594738 -0.05795554957671806 0
0.1501150461594994 -0.09659258262826016 0
0.1397622843554009 -0.09659258262825522 0
0.1397622843554271 -0.1352296156797865 0
0.1294095225513294 -0.1352296156797873 0
0.129409522551356 -0.1738666487313077 0
0.1190567607472591 -0.1738666487313145 0
0.1190567607472838 -0.2125036817828335 0
0.1087039989431852 -0.2125036817828558 0
0.1087039989432138 -0.2511407148343509 0
0.09835123713911918 -0.2511407148343672 0
0.09835123713914849 -0.2897777478858506 0
0.08799847533505414 -0.289777747885875 0
0.08799847533507202 -0.3284147809373921 0
0.07764571353096725 -0.3284147809374642 0
0.07764571353097185 -0.3670518139890219 0
0.06729295172685762 -0.3670518139891384 0
0.0672929517268584 -0.4056888470407015 0
0.05694018992274558 -0.4056888470408218 0
0.05694018992274717 -0.4443258800923728 0
0.04658742811863999 -0.4443258800924809 0
0.04658742811863972 -0.4829629131440298 0
0.03623466631453516 -0.4829629131441371 0
0.03623466631453266 -0.5215999461956855 0
0.02588190451043038 -0.5215999461957934 0
0.02588190451042544 -0.5602369792473418 0
0.01552914270632518 -0.5602369792474511 0
0.01552914270631823 -0.5988740122989983 0
0.005176380902220445 -0.5988740122991072 0
0.00517638090221129 -0.6375110453506534 0
-0.005176380901884093 -0.6375110453507622 0
-0.005176380901895426 -0.6761480784023077 0
-0.0155291427059884 -0.6761480784024166 0
-0.01552914270600788 -0.7147851114539834 0
-0.02588190451010447 -0.7147851114541149 0
-0.02588190451012574 -0.7534221445056795 0
-0.03623466631421962 -0.7534221445058097 0
-0.03623466631424149 -0.7920591775573675 0
0.2225843787880749 0.09659258262930653 0
0.2122316169839722 0.09659258262935841 0
0.2122316169839946 0.05795554957776743 0
0.2018788551798913 0.05795554957780832 0
0.2018788551799122 0.01931851652622071 0
0.1915260933758077 0.01931851652624871 0
0.1915260933758356 -0.0193185165253043 0
0.1811733315717383 -0.01931851652525803 0
0.1811733315717661 -0.0579555495768032 0
0.1708205697676686 -0.05795554957676567 0
0.1708205697676962 -0.09659258262830327 0
0.1604678079635986 -0.09659258262827469 0
0.1604678079636245 -0.1352296156798101 0
0.1501150461595254 -0.1352296156797956 0
0.1501150461595519 -0.1738666487313204 0
0.1397622843554536 -0.1738666487313113 0
0.1397622843554808 -0.2125036817828253 0
0.1294095225513832 -0.2125036817828217 0
0.1294095225514083 -0.251140714834335 0
0.1190567607473089 -0.2511407148343469 0
0.1190567607473385 -0.2897777478858349 0
0.1087039989432434 -0.2897777478858389 0
0.1087039989432738 -0.3284147809373157 0
0.09835123713917883 -0.3284147809373275 0
0.09835123713919644 -0.3670518139888435 0
0.08799847533508963 -0.3670518139889081 0
0.08799847533509264 -0.4056888470404701 0
0.07764571353097488 -0.405688847040584 0
0.07764571353097409 -0.4443258800921519 0
0.06729295172685762 -0.4443258800922694 0
0.06729295172685816 -0.4829629131438239 0
0.05694018992274771 -0.4829629131439274 0
0.0569401899227464 -0.5215999461954803 0
0.04658742811863841 -0.5215999461955827 0
0.04658742811863496 -0.5602369792471354 0
0.0362346663145292 -0.5602369792472381 0
0.03623466631452343 -0.598874012298791 0
0.02588190451041968 -0.5988740122988947 0
0.02588190451041187 -0.6375110453504467 0
0.01552914270631042 -0.6375110453505503 0
0.01552914270630049 -0.6761480784021016 0
0.005176380902201363 -0.6761480784022047 0
0.005176380902189335 -0.7147851114537557 0
-0.005176380901907454 -0.7147851114538586 0
-0.005176380901927487 -0.753422144505431 0
-0.01552914270602791 -0.7534221445055558 0
-0.0155291427060497 -0.7920591775571263 0
-0.02588190451014753 -0.7920591775572499 0
-0.02588190451016979 -0.8306962106088138 0
0.2329371405922117 0.05795554957761752 0
0.2225843787881034 0.05795554957769811 0
0.2225843787881309 0.01931851652609559 0
0.2122316169840221 0.01931851652616491 0
0.2122316169840481 -0.01931851652543397 0
0.2018788551799382 -0.01931851652537817 0
0.2018788551799711 -0.0579555495769417 0
0.1915260933758686 -0.05795554957686783 0
0.1915260933759013 -0.09659258262842305 0
0.1811733315717988 -0.09659258262835842 0
0.1811733315718311 -0.1352296156799056 0
0.1708205697677285 -0.1352296156798504 0
0.170820569767759 -0.1738666487313952 0
0.160467807963655 -0.1738666487313549 0
0.1604678079636859 -0.2125036817828885 0
0.1501150461595829 -0.212503681782854 0
0.1501150461596143 -0.2511407148343761 0
0.1397622843555122 -0.2511407148343475 0
0.1397622843555414 -0.2897777478858687 0
0.1294095225514375 -0.2897777478858563 0
0.1294095225514715 -0.3284147809373501 0
0.1190567607473725 -0.3284147809373287 0
0.1190567607474071 -0.367051813988811 0
0.1087039989433084 -0.367051813988798 0
0.1087039989433287 -0.4056888470403243 0
0.09835123713921679 -0.4056888470403698 0
0.098351237139221 -0.4443258800919467 0
0.08799847533509686 -0.4443258800920472 0
0.08799847533509711 -0.4829629131436297 0
0.07764571353097433 -0.4829629131437344 0
0.07764571353097625 -0.5215999461953014 0
0.06729295172686009 -0.5215999461953909 0
0.06729295172685991 -0.560236979246956 0
0.05694018992274623 -0.5602369792470456 0
0.05694018992274381 -0.5988740122986098 0
0.04658742811863255 -0.5988740122986996 0
0.04658742811862773 -0.6375110453502635 0
0.03623466631451863 -0.6375110453503547 0
0.03623466631451155 -0.6761480784019178 0
0.0258819045104048 -0.6761480784020096 0
0.02588190451039549 -0.7147851114535715 0
0.01552914270629118 -0.7147851114536634 0
0.01552914270627963 -0.7534221445052244 0
0.005176380902177787 -0.7534221445053166 0
0.005176380902158176 -0.7920591775568984 0
-0.005176380901947098 -0.7920591775570127 0
-0.005176380901968643 -0.8306962106085921 0
-0.01552914270607124 -0.8306962106087057 0
-0.01552914270609334 -0.869333243660278 0
0.2432899023963478 0.0193185165259301 0
0.2329371405922396 0.01931851652601826 0
0.2329371405922668 -0.0193185165255752 0
0.2225843787881581 -0.01931851652549787 0
0.2225843787881838 -0.05795554957708812 0
0.2122316169840738 -0.05795554957702422 0
0.2122316169841066 -0.09659258262857914 0
0.201878855180004 -0.09659258262849663 0
0.2018788551800365 -0.1352296156800435 0
0.1915260933759338 -0.1352296156799699 0
0.1915260933759662 -0.1738666487315091 0
0.1811733315718634 -0.1738666487314448 0
0.1811733315718938 -0.2125036817829821 0
0.1708205697677894 -0.2125036817829326 0
0.1708205697678205 -0.2511407148344588 0
0.160467807963717 -0.2511407148344147 0
0.1604678079637487 -0.2897777478859297 0
0.150115046159646 -0.2897777478858911 0
0.1501150461596755 -0.3284147809374058 0
0.1397622843555708 -0.3284147809373835 0
0.1397622843556056 -0.3670518139888694 0
0.1294095225515063 -0.367051813988836 0
0.1294095225515417 -0.4056888470403109 0
0.1190567607474425 -0.4056888470402859 0
0.1190567607474623 -0.4443258800918103 0
0.1087039989433485 -0.4443258800918486 0
0.1087039989433509 -0.4829629131434292 0
0.09835123713922336 -0.4829629131435273 0
0.09835123713922178 -0.5215999461951136 0
0.08799847533509553 -0.5215999461952161 0
0.08799847533509611 -0.5602369792467854 0
0.07764571353097685 -0.5602369792468707 0
0.07764571353097535 -0.5988740122984393 0
0.06729295172685842 -0.5988740122985247 0
0.0672929517268548 -0.6375110453500921 0
0.0569401899227402 -0.6375110453501771 0
0.05694018992273429 -0.6761480784017446 0
0.04658742811862183 -0.676148078401831 0
0.04658742811861366 -0.7147851114533978 0
0.03623466631450339 -0.7147851114534847 0
0.03623466631449306 -0.7534221445050509 0
0.02588190451038515 -0.7534221445051377 0
0.02588190451037264 -0.7920591775567034 0
0.01552914270626712 -0.79205917755679 0
0.0155291427062467 -0.8306962106083763 0
0.005176380902137757 -0.8306962106084845 0
0.005176380902115433 -0.8693332436600689 0
-0.005176380901990968 -0.8693332436601765 0
-0.005176380902013718 -0.9079702767117539 0
0.2432899023963739 -0.01931851652565418 0
0.2329371405922922 -0.05795554957715378 0
0.2225843787882077 -0.09659258262866394 0
0.2122316169841378 -0.1352296156801197 0
0.2018788551800676 -0.1738666487315763 0
0.191526093375997 -0.2125036817830344 0
0.1811733315719228 -0.2511407148345062 0
0.1708205697678501 -0.289777747885972 0
0.1604678079637791 -0.3284147809374318 0
0.1501150461597036 -0.3670518139889083 0
0.1397622843556396 -0.4056888470403416 0
0.1294095225515763 -0.4443258800917725 0
0.11905676074748 -0.4829629131433267 0
0.1087039989433498 -0.5215999461950073 0
0.0983512371392168 -0.5602369792466981 0
0.08799847533509386 -0.5988740122983518 0
0.07764571353097099 -0.6375110453500051 0
0.06729295172684842 -0.6761480784016569 0
0.05694018992272573 -0.7147851114533098 0
0.04658742811860284 -0.753422144504963 0
0.03623466631448012 -0.7920591775566157 0
0.02588190451035761 -0.8306962106082676 0
0.01552914270622392 -0.8693332436599612 0
0.005176380902090764 -0.9079702767116528 0
$EndNodes
$Elements
1 625 1 625
2 1 16 625
1 1 5 201 175 29 777 778 200 
2 175 201 202 174 778 779 780 199 
3 174 202 203 173 780 781 782 198 
4 173 203 204 172 782 783 784 197 
5 172 204 205 171 784 785 786 196 
6 171 205 206 170 786 787 788 195 
7 170 206 207 169 788 789 790 194 
8 169 207 208 168 790 791 792 193 
9 168 208 209 167 792 793 794 192 
10 167 209 210 166 794 795 796 191 
11 166 210 211 165 796 797 798 190 
12 165 211 212 164 798 799 800 189 
13 164 212 213 163 800 801 802 188 
14 163 213 214 162 802 803 804 187 
15 162 214 215 161 804 805 806 186 
16 161 215 216 160 806 807 808 185 
17 160 216 217 159 808 809 810 184 
18 159 217 218 158 810 811 812 183 
19 158 218 219 157 812 813 814 182 
20 157 219 220 156 814 815 816 181 
21 156 220 221 155 816 817 818 180 
22 155 221 222 154 818 819 820 179 
23 154 222 223 153 820 821 822 178 
24 153 223 224 152 822 823 824 177 
25 152 224 126 4 824 825 151 176 
26 5 6 225 201 30 826 827 777 
27 201 225 226 202 827 828 829 779 
28 202 226 227 203 829 830 831 781 
29 203 227 228 204 831 832 833 783 
30 204 228 229 205 833 834 835 785 
31 205 229 230 206 835 836 837 787 
32 206 230 231 207 837 838 839 789 
33 207 231 232 208 839 840 841 791 
34 208 232 233 209 841 842 843 793 
35 209 233 234 210 843 844 845 795 
36 210 234 235 211 845 846 847 797 
37 211 235 236 212 847 848 849 799 
38 212 236 237 213 849 850 851 801 
39 213 237 238 214 851 852 853 803 
40 214 238 239 215 853 854 855 805 
41 215 239 240 216 855 856 857 807 
42 216 240 241 217 857 858 859 809 
43 217 241 242 218 859 860 861 811 
44 218 242 243 219 861 862 863 813 
45 219 243 244 220 863 864 865 815 
46 220 244 245 221 865 866 867 817 
47 221 245 246 222 867 868 869 819 
48 222 246 247 223 869 870 871 821 
49 223 247 248 224 871 872 873 823 
50 224 248 125 126 873 874 150 825 
51 6 7 249 225 31 875 876 826 
52 225 249 250 226 876 877 878 828 
53 226 250 251 227 878 879 880 830 
54 227 251 252 228 880 881 882 832 
55 228 252 253 229 882 883 884 834 
56 229 253 254 230 884 885 886 836 
57 230 254 255 231 886 887 888 838 
58 231 255 256 232 888 889 890 840 
59 232 256 257 233 890 891 892 842 
60 233 257 258 234 892 893 894 844 
61 234 258 259 235 894 895 896 846 
62 235 259 260 236 896 897 898 848 
63 236 260 261 237 898 899 900 850 
64 237 261 262 238 900 901 902 852 
65 238 262 263 239 902 903 904 854 
66 239 263 264 240 904 905 906 856 
67 240 264 265 241 906 907 908 858 
68 241 265 266 242 908 909 910 860 
69 242 266 267 243 910 911 912 862 
70 243 267 268 244 912 913 914 864 
71 244 268 269 245 914 915 916 866 
72 245 269 270 246 916 917 918 868 
73 246 270 271 247 918 919 920 870 
74 247 271 272 248 920 921 922 872 
75 248 272 124 125 922 923 149 874 
76 7 8 273 249 32 924 925 875 
77 249 273 274 250 925 926 927 877 
78 250 274 275 251 927 928 929 879 
79 251 275 276 252 929 930 931 881 
80 252 276 277 253 931 932 933 883 
81 253 277 278 254 933 934 935 885 
82 254 278 279 255 935 936 937 887 
83 255 279 280 256 937 938 939 889 
84 256 280 281 257 939 940 941 891 
85 257 281 282 258 941 942 943 893 
86 258 282 283 259 943 944 945 895 
87 259 283 284 260 945 946 947 897 
88 260 284 285 261 947 948 949 899 
89 261 285 286 262 949 950 951 901 
90 262 286 287 263 951 952 953 903 
91 263 287 288 264 953 954 955 905 
92 264 288 289 265 955 956 957 907 
93 265 289 290 266 957 958 959 909 
94 266 290 291 267 959 960 961 911 
95 267 291 292 268 961 962 963 913 
96 268 292 293 269 963 964 965 915 
97 269 293 294 270 965 966 967 917 
98 270 294 295 271 967 968 969 919 
99 271 295 296 272 969 970 971 921 
100 272 296 123 124 971 972 148 923 
101 8 9 297 273 33 973 974 924 
102 273 297 298 274 974 975 976 926 
103 274 298 299 275 976 977 978 928 
104 275 299 300 276 978 979 980 930 
105 276 300 301 277 980 981 982 932 
106 277 301 302 278 982 983 984 934 
107 278 302 303 279 984 985 986 936 
108 279 303 304 280 986 987 988 938 
109 280 304 305 281 988 989 990 940 
110 281 305 306 282 990 991 992 942 
111 282 306 307 283 992 993 994 944 
112 283 307 308 284 994 995 996 946 
113 284 308 309 285 996 997 998 948 
114 285 309 310 286 998 999 1000 950 
115 286 310 311 287 1000 1001 1002 952 
116 287 311 312 288 1002 1003 1004 954 
117 288 312 313 289 1004 1005 1006 956 
118 289 313 314 290 1006 1007 1008 958 
119 290 314 315 291 1008 1009 1010 960 
120 291 315 316 292 1010 1011 1012 962 
121 292 316 317 293 1012 1013 1014 964 
122 293 317 318 294 1014 1015 1016 966 
123 294 318 319 295 1016 1017 1018 968 
124 295 319 320 296 1018 1019 1020 970 
125 296 320 122 123 1020 1021 147 972 
126 9 10 321 297 34 1022 1023 973 
127 297 321 322 298 1023 1024 1025 975 
128 298 322 323 299 1025 1026 1027 977 
129 299 323 324 300 1027 1028 1029 979 
130 300 324 325 301 1029 1030 1031 981 
131 301 325 326 302 1031 1032 1033 983 
132 302 326 327 303 1033 1034 1035 985 
133 303 327 328 304 1035 1036 1037 987 
134 304 328 329 305 1037 1038 1039 989 
135 305 329 330 306 1039 1040 1041 991 
136 306 330 331 307 1041 1042 1043 993 
137 307 331 332 308 1043 1044 1045 995 
138 308 332 333 309 1045 1046 1047 997 
139 309 333 334 310 1047 1048 1049 999 
140 310 334 335 311 1049 1050 1051 1001 
141 311 335 336 312 1051 1052 1053 1003 
142 312 336 337 313 1053 1054 1055 1005 
143 313 337 338 314 1055 1056 1057 1007 
144 314 338 339 315 1057 1058 1059 1009 
145 315 339 340 316 1059 1060 1061 1011 
146 316 340 341 317 1061 1062 1063 1013 
147 317 341 342 318 1063 1064 1065 1015 
148 318 342 343 319 1065 1066 1067 1017 
149 319 343 344 320 1067 1068 1069 1019 
150 320 344 121 122 1069 1070 146 1021 
151 10 11 345 321 35 1071 1072 1022 
152 321 345 346 322 1072 1073 1074 1024 
153 322 346 347 323 1074 1075 1076 1026 
154 323 347 348 324 1076 1077 1078 1028 
155 324 348 349 325 1078 1079 1080 1030 
156 325 349 350 326 1080 1081 1082 1032 
157 326 350 351 327 1082 1083 1084 1034 
158 327 351 352 328 1084 1085 1086 1036 
159 328 352 353 329 1086 1087 1088 1038 
160 329 353 354 330 1088 1089 1090 1040 
161 330 354 355 331 1090 1091 1092 1042 
162 331 355 356 332 1092 1093 1094 1044 
163 332 356 357 333 1094 1095 1096 1046 
164 333 357 358 334 1096 1097 1098 1048 
165 334 358 359 335 1098 1099 1100 1050 
166 335 359 360 336 1100 1101 1102 1052 
167 336 360 361 337 1102 1103 1104 1054 
168 337 361 362 338 1104 1105 1106 1056 
169 338 362 363 339 1106 1107 1108 1058 
170 339 363 364 340 1108 1109 1110 1060 
171 340 364 365 341 1110 1111 1112 1062 
172 341 365 366 342 1112 1113 1114 1064 
173 342 366 367 343 1114 1115 1116 1066 
174 343 367 368 344 1116 1117 1118 1068 
175 344 368 120 121 1118 1119 145 1070 
176 11 12 369 345 36 1120 1121 1071 
177 345 369 370 346 1121 1122 1123 1073 
178 346 370 371 347 1123 1124 1125 1075 
179 347 371 372 348 1125 1126 1127 1077 
180 348 372 373 349 1127 1128 1129 1079 
181 349 373 374 350 1129 1130 1131 1081 
182 350 374 375 351 1131 1132 1133 1083 
183 351 375 376 352 1133 1134 1135 1085 
184 352 376 377 353 1135 1136 1137 1087 
185 353 377 378 354 1137 1138 1139 1089 
186 354 378 379 355 1139 1140 1141 1091 
187 355 379 380 356 1141 1142 1143 1093 
188 356 380 381 357 1143 1144 1145 1095 
189 357 381 382 358 1145 1146 1147 1097 
190 358 382 383 359 1147 1148 1149 1099 
191 359 383 384 360 1149 1150 1151 1101 
192 360 384 385 361 1151 1152 1153 1103 
193 361 385 386 362 1153 1154 1155 1105 
194 362 386 387 363 1155 1156 1157 1107 
195 363 387 388 364 1157 1158 1159 1109 
196 364 388 389 365 1159 1160 1161 1111 
197 365 389 390 366 1161 1162 1163 1113 
198 366 390 391 367 1163 1164 1165 1115 
199 367 391 392 368 1165 1166 1167 1117 
200 368 392 119 120 1167 1168 144 1119 
201 12 13 393 369 37 1169 1170 1120 
202 369 393 394 370 1170 1171 1172 1122 
203 370 394 395 371 1172 1173 1174 1124 
204 371 395 396 372 1174 1175 1176 1126 
205 372 396 397 373 1176 1177 1178 1128 
206 373 397 398 374 1178 1179 1180 1130 
207 374 398 399 375 1180 1181 1182 1132 
208 375 399 400 376 1182 1183 1184 1134 
209 376 400 401 377 1184 1185 1186 1136 
210 377 401 402 378 1186 1187 1188 1138 
211 378 402 403 379 1188 1189 1190 1140 
212 379 403 404 380 1190 1191 1192 1142 
213 380 404 405 381 1192 1193 1194 1144 
214 381 405 406 382 1194 1195 1196 1146 
215 382 406 407 383 1196 1197 1198 1148 
216 383 407 408 384 1198 1199 1200 1150 
217 384 408 409 385 1200 1201 1202 1152 
218 385 409 410 386 1202 1203 1204 1154 
219 386 410 411 387 1204 1205 1206 1156 
220 387 411 412 388 1206 1207 1208 1158 
221 388 412 413 389 1208 1209 1210 1160 
222 389 413 414 390 1210 1211 1212 1162 
223 390 414 415 391 1212 1213 1214 1164 
224 391 415 416 392 1214 1215 1216 1166 
225 392 416 118 119 1216 1217 143 1168 
226 13 14 417 393 38 1218 1219 1169 
227 393 417 418 394 1219 1220 1221 1171 
228 394 418 419 395 1221 1222 1223 1173 
229 395 419 420 396 1223 1224 1225 1175 
230 396 420 421 397 1225 1226 1227 1177 
231 397 421 422 398 1227 1228 1229 1179 
232 398 422 423 399 1229 1230 1231 1181 
233 399 423 424 400 1231 1232 1233 1183 
234 400 424 425 401 1233 1234 1235 1185 
235 401 425 426 402 1235 1236 1237 1187 
236 402 426 427 403 1237 1238 1239 1189 
237 403 427 428 404 1239 1240 1241 1191 
238 404 428 429 405 1241 1242 1243 1193 
239 405 429 430 406 1243 1244 1245 1195 
240 406 430 431 407 1245 1246 1247 1197 
241 407 431 432 408 1247 1248 1249 1199 
242 408 432 433 409 1249 1250 1251 1201 
243 409 433 434 410 1251 1252 1253 1203 
244 410 434 435 411 1253 1254 1255 1205 
245 411 435 436 412 1255 1256 1257 1207 
246 412 436 437 413 1257 1258 1259 1209 
247 413 437 438 414 1259 1260 1261 1211 
248 414 438 439 415 1261 1262 1263 1213 
249 415 439 440 416 1263 1264 1265 1215 
250 416 440 117 118 1265 1266 142 1217 
251 14 15 441 417 39 1267 1268 1218 
252 417 441 442 418 1268 1269 1270 1220 
253 418 442 443 419 1270 1271 1272 1222 
254 419 443 444 420 1272 1273 1274 1224 
255 420 444 445 421 1274 1275 1276 1226 
256 421 445 446 422 1276 1277 1278 1228 
257 422 446 447 423 1278 1279 1280 1230 
258 423 447 448 424 1280 1281 1282 1232 
259 424 448 449 425 1282 1283 1284 1234 
260 425 449 450 426 1284 1285 1286 1236 
261 426 450 451 427 1286 1287 1288 1238 
262 427 451 452 428 1288 1289 1290 1240 
263 428 452 453 429 1290 1291 1292 1242 
264 429 453 454 430 1292 1293 1294 1244 
265 430 454 455 431 1294 1295 1296 1246 
266 431 455 456 432 1296 1297 1298 1248 
267 432 456 457 433 1298 1299 1300 1250 
268 433 457 458 434 1300 1301 1302 1252 
269 434 458 459 435 1302 1303 1304 1254 
270 435 459 460 436 1304 1305 1306 1256 
271 436 460 461 437 1306 1307 1308 1258 
272 437 461 462 438 1308 1309 1310 1260 
273 438 462 463 439 1310 1311 1312 1262 
274 439 463 464 440 1312 1313 1314 1264 
275 440 464 116 117 1314 1315 141 1266 
276 15 16 465 441 40 1316 1317 1267 
277 441 465 466 442 1317 1318 1319 1269 
278 442 466 467 443 1319 1320 1321 1271 
279 443 467 468 444 1321 1322 1323 1273 
280 444 468 469 445 1323 1324 1325 1275 
281 445 469 470 446 1325 1326 1327 1277 
282 446 470 471 447 1327 1328 1329 1279 
283 447 471 472 448 1329 1330 1331 1281 
284 448 472 473 449 1331 1332 1333 1283 
285 449 473 474 450 1333 1334 1335 1285 
286 450 474 475 451 1335 1336 1337 1287 
287 451 475 476 452 1337 1338 1339 1289 
288 452 476 477 453 1339 1340 1341 1291 
289 453 477 478 454 1341 1342 1343 1293 
290 454 478 479 455 1343 1344 1345 1295 
291 455 479 480 456 1345 1346 1347 1297 
292 456 480 481 457 1347 1348 1349 1299 
293 457 481 482 458 1349 1350 1351 1301 
294 458 482 483 459 1351 1352 1353 1303 
295 459 483 484 460 1353 1354 1355 1305 
296 460 484 485 461 1355 1356 1357 1307 
297 461 485 486 462 1357 1358 1359 1309 
298 462 486 487 463 1359 1360 1361 1311 
299 463 487 488 464 1361 1362 1363 1313 
300 464 488 115 116 1363 1364 140 1315 
301 16 17 489 465 41 1365 1366 1316 
302 465 489 490 466 1366 1367 1368 1318 
303 466 490 491 467 1368 1369 1370 1320 
304 467 491 492 468 1370 1371 1372 1322 
305 468 492 493 469 1372 1373 1374 1324 
306 469 493 494 470 1374 1375 1376 1326 
307 470 494 495 471 1376 1377 1378 1328 
308 471 495 496 472 1378 1379 1380 1330 
309 472 496 497 473 1380 1381 1382 1332 
310 473 497 498 474 1382 1383 1384 1334 
311 474 498 499 475 1384 1385 1386 1336 
312 475 499 500 476 1386 1387 1388 1338 
313 476 500 501 477 1388 1389 1390 1340 
314 477 501 502 478 1390 1391 1392 1342 
315 478 502 503 479 1392 1393 1394 1344 
316 479 503 504 480 1394 1395 1396 1346 
317 480 504 505 481 1396 1397 1398 1348 
318 481 505 506 482 1398 1399 1400 1350 
319 482 506 507 483 1400 1401 1402 1352 
320 483 507 508 484 1402 1403 1404 1354 
321 484 508 509 485 1404 1405 1406 1356 
322 485 509 510 486 1406 1407 1408 1358 
323 486 510 511 487 1408 1409 1410 1360 
324 487 511 512 488 1410 1411 1412 1362 
325 488 512 114 115 1412 1413 139 1364 
326 17 18 513 489 42 1414 1415 1365 
327 489 513 514 490 1415 1416 1417 1367 
328 490 514 515 491 1417 1418 1419 1369 
329 491 515 516 492 1419 1420 1421 1371 
330 492 516 517 493 1421 1422 1423 1373 
331 493 517 518 494 1423 1424 1425 1375 
332 494 518 519 495 1425 1426 1427 1377 
333 495 519 520 496 1427 1428 1429 1379 
334 496 520 521 497 1429 1430 1431 1381 
335 497 521 522 498 1431 1432 1433 1383 
336 498 522 523 499 1433 1434 1435 1385 
337 499 523 524 500 1435 1436 1437 1387 
338 500 524 525 501 1437 1438 1439 1389 
339 501 525 526 502 1439 1440 1441 1391 
340 502 526 527 503 1441 1442 1443 1393 
341 503 527 528 504 1443 1444 1445 1395 
342 504 528 529 505 1445 1446 1447 1397 
343 505 529 530 506 1447 1448 1449 1399 
344 506 530 531 507 1449 1450 1451 1401 
345 507 531 532 508 1451 1452 1453 1403 
346 508 532 533 509 1453 1454 1455 1405 
347 509 533 534 510 1455 1456 1457 1407 
348 510 534 535 511 1457 1458 1459 1409 
349 511 535 536 512 1459 1460 1461 1411 
350 512 536 113 114 1461 1462 138 1413 
351 18 19 537 513 43 1463 1464 1414 
352 513 537 538 514 1464 1465 1466 1416 
353 514 538 539 515 1466 1467 1468 1418 
354 515 539 540 516 1468 1469 1470 1420 
355 516 540 541 517 1470 1471 1472 1422 
356 517 541 542 518 1472 1473 1474 1424 
357 518 542 543 519 1474 1475 1476 1426 
358 519 543 544 520 1476 1477 1478 1428 
359 520 544 545 521 1478 1479 1480 1430 
360 521 545 546 522 1480 1481 1482 1432 
361 522 546 547 523 1482 1483 1484 1434 
362 523 547 548 524 1484 1485 1486 1436 
363 524 548 549 525 1486 1487 1488 1438 
364 525 549 550 526 1488 1489 1490 1440 
365 526 550 551 527 1490 1491 1492 1442 
366 527 551 552 528 1492 1493 1494 1444 
367 528 552 553 529 1494 1495 1496 1446 
368 529 553 554 530 1496 1497 1498 1448 
369 530 554 555 531 1498 1499 1500 1450 
370 531 555 556 532 1500 1501 1502 1452 
371 532 556 557 533 1502 1503 1504 1454 
372 533 557 558 534 1504 1505 1506 1456 
373 534 558 559 535 1506 1507 1508 1458 
374 535 559 560 536 1508 1509 1510 1460 
375 536 560 112 113 1510 1511 137 1462 
376 19 20 561 537 44 1512 1513 1463 
377 537 561 562 538 1513 1514 1515 1465 
378 538 562 563 539 1515 1516 1517 1467 
379 539 563 564 540 1517 1518 1519 1469 
380 540 564 565 541 1519 1520 1521 1471 
381 541 565 566 542 1521 1522 1523 1473 
382 542 566 567 543 1523 1524 1525 1475 
383 543 567 568 544 1525 1526 1527 1477 
384 544 568 569 545 1527 1528 1529 1479 
385 545 569 570 546 1529 1530 1531 1481 
386 546 570 571 547 1531 1532 1533 1483 
387 547 571 572 548 1533 1534 1535 1485 
388 548 572 573 549 1535 1536 1537 1487 
389 549 573 574 550 1537 1538 1539 1489 
390 550 574 575 551 1539 1540 1541 1491 
391 551 575 576 552 1541 1542 1543 1493 
392 552 576 577 553 1543 1544 1545 1495 
393 553 577 578 554 1545 1546 1547 1497 
394 554 578 579 555 1547 1548 1549 1499 
395 555 579 580 556 1549 1550 1551 1501 
396 556 580 581 557 1551 1552 1553 1503 
397 557 581 582 558 1553 1554 1555 1505 
398 558 582 583 559 1555 1556 1557 1507 
399 559 583 584 560 1557 1558 1559 1509 
400 560 584 111 112 1559 1560 136 1511 
401 20 21 585 561 45 1561 1562 1512 
402 561 585 586 562 1562 1563 1564 1514 
403 562 586 587 563 1564 1565 1566 1516 
404 563 587 588 564 1566 1567 1568 1518 
405 564 588 589 565 1568 1569 1570 1520 
406 565 589 590 566 1570 1571 1572 1522 
407 566 590 591 567 1572 1573 1574 1524 
408 567 591 592 568 1574 1575 1576 1526 
409 568 592 593 569 1576 1577 1578 1528 
410 569 593 594 570 1578 1579 1580 1530 
411 570 594 595 571 1580 1581 1582 1532 
412 571 595 596 572 1582 1583 1584 1534 
413 572 596 597 573 1584 1585 1586 1536 
414 573 597 598 574 1586 1587 1588 1538 
415 574 598 599 575 1588 1589 1590 1540 
416 575 599 600 576 1590 1591 1592 1542 
417 576 600 601 577 1592 1593 1594 1544 
418 577 601 602 578 1594 1595 1596 1546 
419 578 602 603 579 1596 1597 1598 1548 
420 579 603 604 580 1598 1599 1600 1550 
421 580 604 605 581 1600 1601 1602 1552 
422 581 605 606 582 1602 1603 1604 1554 
423 582 606 607 583 1604 1605 1606 1556 
424 583 607 608 584 1606 1607 1608 1558 
425 584 608 110 111 1608 1609 135 1560 
426 21 22 609 585 46 1610 1611 1561 
427 585 609 610 586 1611 1612 1613 1563 
428 586 610 611 587 1613 1614 1615 1565 
429 587 611 612 588 1615 1616 1617 1567 
430 588 612 613 589 1617 1618 1619 1569 
431 589 613 614 590 1619 1620 1621 1571 
432 590 614 615 591 1621 1622 1623 1573 
433 591 615 616 592 1623 1624 1625 1575 
434 592 616 617 593 1625 1626 1627 1577 
435 593 617 618 594 1627 1628 1629 1579 
436 594 618 619 595 1629 1630 1631 1581 
437 595 619 620 596 1631 1632 1633 1583 
438 596 620 621 597 1633 1634 1635 1585 
439 597 621 622 598 1635 1636 1637 1587 
440 598 622 623 599 1637 1638 1639 1589 
441 599 623 624 600 1639 1640 1641 1591 
442 600 624 625 601 1641 1642 1643 1593 
443 601 625 626 602 1643 1644 1645 1595 
444 602 626 627 603 1645 1646 1647 1597 
445 603 627 628 604 1647 1648 1649 1599 
446 604 628 629 605 1649 1650 1651 1601 
447 605 629 630 606 1651 1652 1653 1603 
448 606 630 631 607 1653 1654 1655 1605 
449 607 631 632 608 1655 1656 1657 1607 
450 608 632 109 110 1657 1658 134 1609 
451 22 23 633 609 47 1659 1660 1610 
452 609 633 634 610 1660 1661 1662 1612 
453 610 634 635 611 1662 1663 1664 1614 
454 611 635 636 612 1664 1665 1666 1616 
455 612 636 637 613 1666 1667 1668 1618 
456 613 637 638 614 1668 1669 1670 1620 
457 614 638 639 615 1670 1671 1672 1622 
458 615 639 640 616 1672 1673 1674 1624 
459 616 640 641 617 1674 1675 1676 1626 
460 617 641 642 618 1676 1677 1678 1628 
461 618 642 643 619 1678 1679 1680 1630 
462 619 643 644 620 1680 1681 1682 1632 
463 620 644 645 621 1682 1683 1684 1634 
464 621 645 646 622 1684 1685 1686 1636 
465 622 646 647 623 1686 1687 1688 1638 
466 623 647 648 624 1688 1689 1690 1640 
467 624 648 649 625 1690 1691 1692 1642 
468 625 649 650 626 1692 1693 1694 1644 
469 626 650 651 627 1694 1695 1696 1646 
470 627 651 652 628 1696 1697 1698 1648 
471 628 652 653 629 1698 1699 1700 1650 
472 629 653 654 630 1700 1701 1702 1652 
473 630 654 655 631 1702 1703 1704 1654 
474 631 655 656 632 1704 1705 1706 1656 
475 632 656 108 109 1706 1707 133 1658 
476 23 24 657 633 48 1708 1709 1659 
477 633 657 658 634 1709 1710 1711 1661 
478 634 658 659 635 1711 1712 1713 1663 
479 635 659 660 636 1713 1714 1715 1665 
480 636 660 661 637 1715 1716 1717 1667 
481 637 661 662 638 1717 1718 1719 1669 
482 638 662 663 639 1719 1720 1721 1671 
483 639 663 664 640 1721 1722 1723 1673 
484 640 664 665 641 1723 1724 1725 1675 
485 641 665 666 642 1725 1726 1727 1677 
486 642 666 667 643 1727 1728 1729 1679 
487 643 667 668 644 1729 1730 1731 1681 
488 644 668 669 645 1731 1732 1733 1683 
489 645 669 670 646 1733 1734 1735 1685 
490 646 670 671 647 1735 1736 1737 1687 
491 647 671 672 648 1737 1738 1739 1689 
492 648 672 673 649 1739 1740 1741 1691 
493 649 673 674 650 1741 1742 1743 1693 
494 650 674 675 651 1743 1744 1745 1695 
495 651 675 676 652 1745 1746 1747 1697 
496 652 676 677 653 1747 1748 1749 1699 
497 653 677 678 654 1749 1750 1751 1701 
498 654 678 679 655 1751 1752 1753 1703 
499 655 679 680 656 1753 1754 1755 1705 
500 656 680 107 108 1755 1756 132 1707 
501 24 25 681 657 49 1757 1758 1708 
502 657 681 682 658 1758 1759 1760 1710 
503 658 682 683 659 1760 1761 1762 1712 
504 659 683 684 660 1762 1763 1764 1714 
505 660 684 685 661 1764 1765 1766 1716 
506 661 685 686 662 1766 1767 1768 1718 
507 662 686 687 663 1768 1769 1770 1720 
508 663 687 688 664 1770 1771 1772 1722 
509 664 688 689 665 1772 1773 1774 1724 
510 665 689 690 666 1774 1775 1776 1726 
511 666 690 691 667 1776 1777 1778 1728 
512 667 691 692 668 1778 1779 1780 1730 
513 668 692 693 669 1780 1781 1782 1732 
514 669 693 694 670 1782 1783 1784 1734 
515 670 694 695 671 1784 1785 1786 1736 
516 671 695 696 672 1786 1787 1788 1738 
517 672 696 697 673 1788 1789 1790 1740 
518 673 697 698 674 1790 1791 1792 1742 
519 674 698 699 675 1792 1793 1794 1744 
520 675 699 700 676 1794 1795 1796 1746 
521 676 700 701 677 1796 1797 1798 1748 
522 677 701 702 678 1798 1799 1800 1750 
523 678 702 703 679 1800 1801 1802 1752 
524 679 703 704 680 1802 1803 1804 1754 
525 680 704 106 107 1804 1805 131 1756 
526 25 26 705 681 50 1806 1807 1757 
527 681 705 706 682 1807 1808 1809 1759 
528 682 706 707 683 1809 1810 1811 1761 
529 683 707 708 684 1811 1812 1813 1763 
530 684 708 709 685 1813 1814 1815 1765 
531 685 709 710 686 1815 1816 1817 1767 
532 686 710 711 687 1817 1818 1819 1769 
533 687 711 712 688 1819 1820 1821 1771 
534 688 712 713 689 1821 1822 1823 1773 
535 689 713 714 690 1823 1824 1825 1775 
536 690 714 715 691 1825 1826 1827 1777 
537 691 715 716 692 1827 1828 1829 1779 
538 692 716 717 693 1829 1830 1831 1781 
539 693 717 718 694 1831 1832 1833 1783 
540 694 718 719 695 1833 1834 1835 1785 
541 695 719 720 696 1835 1836 1837 1787 
542 696 720 721 697 1837 1838 1839 1789 
543 697 721 722 698 1839 1840 1841 1791 
544 698 722 723 699 1841 1842 1843 1793 
545 699 723 724 700 1843 1844 1845 1795 
546 700 724 725 701 1845 1846 1847 1797 
547 701 725 726 702 1847 1848 1849 1799 
548 702 726 727 703 1849 1850 1851 1801 
549 703 727 728 704 1851 1852 1853 1803 
550 704 728 105 106 1853 1854 130 1805 
551 26 27 729 705 51 1855 1856 1806 
552 705 729 730 706 1856 1857 1858 1808 
553 706 730 731 707 1858 1859 1860 1810 
554 707 731 732 708 1860 1861 1862 1812 
555 708 732 733 709 1862 1863 1864 1814 
556 709 733 734 710 1864 1865 1866 1816 
557 710 734 735 711 1866 1867 1868 1818 
558 711 735 736 712 1868 1869 1870 1820 
559 712 736 737 713 1870 1871 1872 1822 
560 713 737 738 714 1872 1873 1874 1824 
561 714 738 739 715 1874 1875 1876 1826 
562 715 739 740 716 1876 1877 1878 1828 
563 716 740 741 717 1878 1879 1880 1830 
564 717 741 742 718 1880 1881 1882 1832 
565 718 742 743 719 1882 1883 1884 1834 
566 719 743 744 720 1884 1885 1886 1836 
567 720 744 745 721 1886 1887 1888 1838 
568 721 745 746 722 1888 1889 1890 1840 
569 722 746 747 723 1890 1891 1892 1842 
570 723 747 748 724 1892 1893 1894 1844 
571 724 748 749 725 1894 1895 1896 1846 
572 725 749 750 726 1896 1897 1898 1848 
573 726 750 751 727 1898 1899 1900 1850 
574 727 751 752 728 1900 1901 1902 1852 
575 728 752 104 105 1902 1903 129 1854 
576 27 28 753 729 52 1904 1905 1855 
577 729 753 754 730 1905 1906 1907 1857 
578 730 754 755 731 1907 1908 1909 1859 
579 731 755 756 732 1909 1910 1911 1861 
580 732 756 757 733 1911 1912 1913 1863 
581 733 757 758 734 1913 1914 1915 1865 
582 734 758 759 735 1915 1916 1917 1867 
583 735 759 760 736 1917 1918 1919 1869 
584 736 760 761 737 1919 1920 1921 1871 
585 737 761 762 738 1921 1922 1923 1873 
586 738 762 763 739 1923 1924 1925 1875 
587 739 763 764 740 1925 1926 1927 1877 
588 740 764 765 741 1927 1928 1929 1879 
589 741 765 766 742 1929 1930 1931 1881 
590 742 766 767 743 1931 1932 1933 1883 
591 743 767 768 744 1933 1934 1935 1885 
592 744 768 769 745 1935 1936 1937 1887 
593 745 769 770 746 1937 1938 1939 1889 
594 746 770 771 747 1939 1940 1941 1891 
595 747 771 772 748 1941 1942 1943 1893 
596 748 772 773 749 1943 1944 1945 1895 
597 749 773 774 750 1945 1946 1947 1897 
598 750 774 775 751 1947 1948 1949 1899 
599 751 775 776 752 1949 1950 1951 1901 
600 752 776 103 104 1951 1952 128 1903 
601 28 2 54 753 53 78 1953 1904 
602 753 54 55 754 1953 79 1954 1906 
603 754 55 56 755 1954 80 1955 1908 
604 755 56 57 756 1955 81 1956 1910 
605 756 57 58 757 1956 82 1957 1912 
606 757 58 59 758 1957 83 1958 1914 
607 758 59 60 759 1958 84 1959 1916 
608 759 60 61 760 1959 85 1960 1918 
609 760 61 62 761 1960 86 1961 1920 
610 761 62 63 762 1961 87 1962 1922 
611 762 63 64 763 1962 88 1963 1924 
612 763 64 65 764 1963 89 1964 1926 
613 764 65 66 765 1964 90 1965 1928 
614 765 66 67 766 1965 91 1966 1930 
615 766 67 68 767 1966 92 1967 1932 
616 767 68 69 768 1967 93 1968 1934 
617 768 69 70 769 1968 94 1969 1936 
618 769 70 71 770 1969 95 1970 1938 
619 770 71 72 771 1970 96 1971 1940 
620 771 72 73 772 1971 97 1972 1942 
621 772 73 74 773 1972 98 1973 1944 
622 773 74 75 774 1973 99 1974 1946 
623 774 75 76 775 1974 100 1975 1948 
624 775 76 77 776 1975 101 1976 1950 
625 776 77 3 103 1976 102 127 1952 
$EndElements
